,site_code,year,habitat.type,plot,ppt_ambient,ppt_drought,n_treat_days,perc_reduction,ppt_drought730,precip,AI,drtpct_map,drtpct_map730,amb_pct,amb_abspct,drtpct_map100,habitat.num,Extreme,Extreme.num,X,mass_category,prop.ave
1,allmendb.ch,2016,Grassland,4,1080.433333,829.1373333,197,23.25881591,977.2,957,1.1799,-0.133607802,0.021107628,0.128979449,0.128979449,-13.36078022,1,NotExtreme,0,1,GRAMINOID,0.6472121
2,allmendb.ch,2016,Grassland,1,1080.433333,829.1373333,197,23.25881591,977.2,957,1.1799,-0.133607802,0.021107628,0.128979449,0.128979449,-13.36078022,1,NotExtreme,0,1,GRAMINOID,0.6472121
3,allmendb.ch,2016,Grassland,5,1080.433333,829.1373333,197,23.25881591,977.2,957,1.1799,-0.133607802,0.021107628,0.128979449,0.128979449,-13.36078022,1,NotExtreme,0,1,GRAMINOID,0.6472121
4,allmendo.ch,2016,Grassland,2,1080.433333,821.2843333,197,23.9856539,977.2,957,1.1799,-0.141813654,0.021107628,0.128979449,0.128979449,-14.18136538,1,NotExtreme,0,2,GRAMINOID,0.704987567
5,allmendo.ch,2016,Grassland,6,1080.433333,821.2843333,197,23.9856539,977.2,957,1.1799,-0.141813654,0.021107628,0.128979449,0.128979449,-14.18136538,1,NotExtreme,0,2,GRAMINOID,0.704987567
6,allmendo.ch,2016,Grassland,4,1080.433333,821.2843333,197,23.9856539,977.2,957,1.1799,-0.141813654,0.021107628,0.128979449,0.128979449,-14.18136538,1,NotExtreme,0,2,GRAMINOID,0.704987567
7,antelope.us,2016,Grassland,4,349.1653437,237.7044032,123,31.92210868,310.3287454,215,0.2005,0.105601875,0.443389513,0.624024854,0.624024854,10.56018753,1,NotExtreme,0,3,GRAMINOID,0.830923918
8,antelope.us,2016,Grassland,6,349.1653437,237.7044032,123,31.92210868,310.3287454,215,0.2005,0.105601875,0.443389513,0.624024854,0.624024854,10.56018753,1,NotExtreme,0,3,GRAMINOID,0.830923918
9,antelope.us,2016,Grassland,15,349.1653437,237.7044032,123,31.92210868,310.3287454,215,0.2005,0.105601875,0.443389513,0.624024854,0.624024854,10.56018753,1,NotExtreme,0,3,GRAMINOID,0.830923918
10,antelope.us,2016,Grassland,3,349.1653437,237.7044032,123,31.92210868,310.3287454,215,0.2005,0.105601875,0.443389513,0.624024854,0.624024854,10.56018753,1,NotExtreme,0,3,GRAMINOID,0.830923918
11,antelope.us,2016,Grassland,5,349.1653437,237.7044032,123,31.92210868,310.3287454,215,0.2005,0.105601875,0.443389513,0.624024854,0.624024854,10.56018753,1,NotExtreme,0,3,GRAMINOID,0.830923918
12,antelope.us,2016,Grassland,12,349.1653437,237.7044032,123,31.92210868,310.3287454,215,0.2005,0.105601875,0.443389513,0.624024854,0.624024854,10.56018753,1,NotExtreme,0,3,GRAMINOID,0.830923918
13,antelope.us,2016,Grassland,16,349.1653437,237.7044032,123,31.92210868,310.3287454,215,0.2005,0.105601875,0.443389513,0.624024854,0.624024854,10.56018753,1,NotExtreme,0,3,GRAMINOID,0.830923918
14,antelope.us,2016,Grassland,11,349.1653437,237.7044032,123,31.92210868,310.3287454,215,0.2005,0.105601875,0.443389513,0.624024854,0.624024854,10.56018753,1,NotExtreme,0,3,GRAMINOID,0.830923918
15,baddrt.de,2016,Grassland,10,423.6,275.98,201,34.84891407,372.8,488.6,0.6662,-0.435161686,-0.237003684,-0.133033156,0.133033156,-43.51616865,1,Extr,1,4,GRAMINOID,0.13877476
16,baddrt.de,2016,Grassland,3,423.6,275.98,201,34.84891407,372.8,488.6,0.6662,-0.435161686,-0.237003684,-0.133033156,0.133033156,-43.51616865,1,Extr,1,4,GRAMINOID,0.13877476
17,baddrt.de,2016,Grassland,13,423.6,275.98,201,34.84891407,372.8,488.6,0.6662,-0.435161686,-0.237003684,-0.133033156,0.133033156,-43.51616865,1,Extr,1,4,GRAMINOID,0.13877476
18,baddrt.de,2016,Grassland,19,423.6,275.98,201,34.84891407,372.8,488.6,0.6662,-0.435161686,-0.237003684,-0.133033156,0.133033156,-43.51616865,1,Extr,1,4,GRAMINOID,0.13877476
19,baddrt.de,2016,Grassland,21,423.6,275.98,201,34.84891407,372.8,488.6,0.6662,-0.435161686,-0.237003684,-0.133033156,0.133033156,-43.51616865,1,Extr,1,4,GRAMINOID,0.13877476
20,bange.cn,2018,Grassland,19,440.5445924,299.7732002,221,31.95394849,353.2357898,428,0.4458,-0.299595327,-0.174682734,0.029309795,0.029309795,-29.95953266,1,NotExtreme,0,5,GRAMINOID,0.386353448
21,bange.cn,2018,Grassland,48,440.5445924,299.7732002,221,31.95394849,353.2357898,428,0.4458,-0.299595327,-0.174682734,0.029309795,0.029309795,-29.95953266,1,NotExtreme,0,5,GRAMINOID,0.386353448
22,bange.cn,2018,Grassland,53,440.5445924,299.7732002,221,31.95394849,353.2357898,428,0.4458,-0.299595327,-0.174682734,0.029309795,0.029309795,-29.95953266,1,NotExtreme,0,5,GRAMINOID,0.386353448
23,bange.cn,2018,Grassland,215,440.5445924,299.7732002,221,31.95394849,353.2357898,428,0.4458,-0.299595327,-0.174682734,0.029309795,0.029309795,-29.95953266,1,NotExtreme,0,5,GRAMINOID,0.386353448
24,bange.cn,2018,Grassland,32,440.5445924,299.7732002,221,31.95394849,353.2357898,428,0.4458,-0.299595327,-0.174682734,0.029309795,0.029309795,-29.95953266,1,NotExtreme,0,5,GRAMINOID,0.386353448
25,bange.cn,2018,Grassland,612,440.5445924,299.7732002,221,31.95394849,353.2357898,428,0.4458,-0.299595327,-0.174682734,0.029309795,0.029309795,-29.95953266,1,NotExtreme,0,5,GRAMINOID,0.386353448
26,bayrdrt.de,2016,Grassland,8,695.7,417.42,417,40,493.3799984,724,0.8438,-0.423453039,-0.318535914,-0.039088398,0.039088398,-42.34530387,1,Extr,1,6,GRAMINOID,0.651682923
27,bayrdrt.de,2016,Grassland,6,695.7,417.42,417,40,493.3799984,724,0.8438,-0.423453039,-0.318535914,-0.039088398,0.039088398,-42.34530387,1,Extr,1,6,GRAMINOID,0.651682923
28,bayrdrt.de,2016,Grassland,7,695.7,417.42,417,40,493.3799984,724,0.8438,-0.423453039,-0.318535914,-0.039088398,0.039088398,-42.34530387,1,Extr,1,6,GRAMINOID,0.651682923
29,bayrdrt.de,2016,Grassland,10,695.7,417.42,417,40,493.3799984,724,0.8438,-0.423453039,-0.318535914,-0.039088398,0.039088398,-42.34530387,1,Extr,1,6,GRAMINOID,0.651682923
30,bayrdrt.de,2016,Grassland,9,695.7,417.42,417,40,493.3799984,724,0.8438,-0.423453039,-0.318535914,-0.039088398,0.039088398,-42.34530387,1,Extr,1,6,GRAMINOID,0.651682923
31,brokenh.au,2017,Grassland,6,123.2,43.12,383,65,354.85,283,0.1876,-0.847632509,0.253886926,-0.564664311,0.564664311,-84.76325088,1,Extr,1,8,GRAMINOID,0.255411503
32,brokenh.au,2017,Grassland,4,123.2,43.12,383,65,354.85,283,0.1876,-0.847632509,0.253886926,-0.564664311,0.564664311,-84.76325088,1,Extr,1,8,GRAMINOID,0.255411503
33,brookdale.ca,2018,Grassland,2,348.3870968,236.9032258,470,32,489.6652903,474.2,0.6085,-0.50041496,0.032613434,-0.265316118,0.265316118,-50.04149604,1,Extr,1,9,GRAMINOID,0.473131578
34,brookdale.ca,2018,Grassland,4,348.3870968,236.9032258,470,32,489.6652903,474.2,0.6085,-0.50041496,0.032613434,-0.265316118,0.265316118,-50.04149604,1,Extr,1,9,GRAMINOID,0.473131578
35,brookdale.ca,2018,Grassland,3,348.3870968,236.9032258,470,32,489.6652903,474.2,0.6085,-0.50041496,0.032613434,-0.265316118,0.265316118,-50.04149604,1,Extr,1,9,GRAMINOID,0.473131578
36,brookdale.ca,2018,Grassland,5,348.3870968,236.9032258,470,32,489.6652903,474.2,0.6085,-0.50041496,0.032613434,-0.265316118,0.265316118,-50.04149604,1,Extr,1,9,GRAMINOID,0.473131578
37,brookdale.ca,2018,Grassland,1,348.3870968,236.9032258,470,32,489.6652903,474.2,0.6085,-0.50041496,0.032613434,-0.265316118,0.265316118,-50.04149604,1,Extr,1,9,GRAMINOID,0.473131578
38,capmcd.us,2020,Shrubland,13,264.4,89.896,376,66,294.134,204,0.1872,-0.559333333,0.441833333,0.296078431,0.296078431,-55.93333333,2,NotExtreme,0,11,GRAMINOID,0.306061159
39,capmcd.us,2020,Shrubland,9,264.4,89.896,376,66,294.134,204,0.1872,-0.559333333,0.441833333,0.296078431,0.296078431,-55.93333333,2,NotExtreme,0,11,GRAMINOID,0.306061159
40,capmcd.us,2020,Shrubland,8,264.4,89.896,376,66,294.134,204,0.1872,-0.559333333,0.441833333,0.296078431,0.296078431,-55.93333333,2,NotExtreme,0,11,GRAMINOID,0.306061159
41,capmcd.us,2020,Shrubland,12,264.4,89.896,376,66,294.134,204,0.1872,-0.559333333,0.441833333,0.296078431,0.296078431,-55.93333333,2,NotExtreme,0,11,GRAMINOID,0.306061159
42,capmcd.us,2020,Shrubland,3,264.4,89.896,376,66,294.134,204,0.1872,-0.559333333,0.441833333,0.296078431,0.296078431,-55.93333333,2,NotExtreme,0,11,GRAMINOID,0.306061159
43,capmcd.us,2020,Shrubland,1,264.4,89.896,376,66,294.134,204,0.1872,-0.559333333,0.441833333,0.296078431,0.296078431,-55.93333333,2,NotExtreme,0,11,GRAMINOID,0.306061159
44,capmcd.us,2020,Shrubland,5,264.4,89.896,376,66,294.134,204,0.1872,-0.559333333,0.441833333,0.296078431,0.296078431,-55.93333333,2,NotExtreme,0,11,GRAMINOID,0.306061159
45,capwhite.us,2020,Shrubland,8,344.7,117.198,373,66,253.59,204,0.1309,-0.4255,0.243088235,0.689705882,0.689705882,-42.55,2,NotExtreme,0,12,GRAMINOID,0.523246132
46,capwhite.us,2020,Shrubland,5,344.7,117.198,373,66,253.59,204,0.1309,-0.4255,0.243088235,0.689705882,0.689705882,-42.55,2,NotExtreme,0,12,GRAMINOID,0.523246132
47,capwhite.us,2020,Shrubland,11,344.7,117.198,373,66,253.59,204,0.1309,-0.4255,0.243088235,0.689705882,0.689705882,-42.55,2,NotExtreme,0,12,GRAMINOID,0.523246132
48,capwhite.us,2020,Shrubland,13,344.7,117.198,373,66,253.59,204,0.1309,-0.4255,0.243088235,0.689705882,0.689705882,-42.55,2,NotExtreme,0,12,GRAMINOID,0.523246132
49,capwhite.us,2020,Shrubland,14,344.7,117.198,373,66,253.59,204,0.1309,-0.4255,0.243088235,0.689705882,0.689705882,-42.55,2,NotExtreme,0,12,GRAMINOID,0.523246132
50,capwhite.us,2020,Shrubland,1,344.7,117.198,373,66,253.59,204,0.1309,-0.4255,0.243088235,0.689705882,0.689705882,-42.55,2,NotExtreme,0,12,GRAMINOID,0.523246132
51,capwhite.us,2020,Shrubland,3,344.7,117.198,373,66,253.59,204,0.1309,-0.4255,0.243088235,0.689705882,0.689705882,-42.55,2,NotExtreme,0,12,GRAMINOID,0.523246132
52,cedarsav.us,2017,Grassland,7,842.518,675.08374,116,19.87307808,847.09,682,0.84,-0.010141144,0.242067449,0.235363636,0.235363636,-1.01411437,1,NotExtreme,0,14,GRAMINOID,0.747800841
53,cedarsav.us,2017,Grassland,3,842.518,675.08374,116,19.87307808,847.09,682,0.84,-0.010141144,0.242067449,0.235363636,0.235363636,-1.01411437,1,NotExtreme,0,14,GRAMINOID,0.747800841
54,cedarsav.us,2017,Grassland,28,842.518,675.08374,116,19.87307808,847.09,682,0.84,-0.010141144,0.242067449,0.235363636,0.235363636,-1.01411437,1,NotExtreme,0,14,GRAMINOID,0.747800841
55,cedarsav.us,2017,Grassland,21,842.518,675.08374,116,19.87307808,847.09,682,0.84,-0.010141144,0.242067449,0.235363636,0.235363636,-1.01411437,1,NotExtreme,0,14,GRAMINOID,0.747800841
56,cedarsav.us,2017,Grassland,15,842.518,675.08374,116,19.87307808,847.09,682,0.84,-0.010141144,0.242067449,0.235363636,0.235363636,-1.01411437,1,NotExtreme,0,14,GRAMINOID,0.747800841
57,cedartrait.us,2017,Grassland,8,758.952,570.76594,153,24.79551539,888.238,682,0.8372,-0.163099795,0.30240176,0.112832845,0.112832845,-16.30997947,1,NotExtreme,0,15,GRAMINOID,0.425191379
58,cedartrait.us,2017,Grassland,24,758.952,570.76594,153,24.79551539,888.238,682,0.8372,-0.163099795,0.30240176,0.112832845,0.112832845,-16.30997947,1,NotExtreme,0,15,GRAMINOID,0.425191379
59,cedartrait.us,2017,Grassland,31,758.952,570.76594,153,24.79551539,888.238,682,0.8372,-0.163099795,0.30240176,0.112832845,0.112832845,-16.30997947,1,NotExtreme,0,15,GRAMINOID,0.425191379
60,cedartrait.us,2017,Grassland,4,758.952,570.76594,153,24.79551539,888.238,682,0.8372,-0.163099795,0.30240176,0.112832845,0.112832845,-16.30997947,1,NotExtreme,0,15,GRAMINOID,0.425191379
61,cedartrait.us,2017,Grassland,11,758.952,570.76594,153,24.79551539,888.238,682,0.8372,-0.163099795,0.30240176,0.112832845,0.112832845,-16.30997947,1,NotExtreme,0,15,GRAMINOID,0.425191379
62,cerrillos.ar,2016,Shrubland,6,331.8225806,176.1935484,224,46.90127837,545.164404,390,0.2468,-0.548221671,0.397857446,-0.14917287,0.14917287,-54.82216708,2,Extr,1,16,GRAMINOID,0.617606931
63,cerrillos.ar,2016,Shrubland,5,331.8225806,176.1935484,224,46.90127837,545.164404,390,0.2468,-0.548221671,0.397857446,-0.14917287,0.14917287,-54.82216708,2,Extr,1,16,GRAMINOID,0.617606931
64,cerrillos.ar,2016,Shrubland,4,331.8225806,176.1935484,224,46.90127837,545.164404,390,0.2468,-0.548221671,0.397857446,-0.14917287,0.14917287,-54.82216708,2,Extr,1,16,GRAMINOID,0.617606931
65,chacra.ar,2016,Shrubland,6,513.7333333,352.6683908,279,31.35185749,442.595894,400,0.2811,-0.118329023,0.106489735,0.284333333,0.284333333,-11.8329023,2,NotExtreme,0,17,GRAMINOID,1
66,chacra.ar,2016,Shrubland,4,513.7333333,352.6683908,279,31.35185749,442.595894,400,0.2811,-0.118329023,0.106489735,0.284333333,0.284333333,-11.8329023,2,NotExtreme,0,17,GRAMINOID,1
67,chacra.ar,2016,Shrubland,5,513.7333333,352.6683908,279,31.35185749,442.595894,400,0.2811,-0.118329023,0.106489735,0.284333333,0.284333333,-11.8329023,2,NotExtreme,0,17,GRAMINOID,1
68,chang.cn,2017,Grassland,11,577,218.74,482,62.09012132,238.0598416,444.9,0.5,-0.508338953,-0.46491382,0.296920656,0.296920656,-50.83389526,1,NotExtreme,0,18,GRAMINOID,0.888373415
69,chang.cn,2017,Grassland,2,577,218.74,482,62.09012132,238.0598416,444.9,0.5,-0.508338953,-0.46491382,0.296920656,0.296920656,-50.83389526,1,NotExtreme,0,18,GRAMINOID,0.888373415
70,chang.cn,2017,Grassland,15,577,218.74,482,62.09012132,238.0598416,444.9,0.5,-0.508338953,-0.46491382,0.296920656,0.296920656,-50.83389526,1,NotExtreme,0,18,GRAMINOID,0.888373415
71,chang.cn,2017,Grassland,5,577,218.74,482,62.09012132,238.0598416,444.9,0.5,-0.508338953,-0.46491382,0.296920656,0.296920656,-50.83389526,1,NotExtreme,0,18,GRAMINOID,0.888373415
72,charleville.au,2017,Grassland,4,164.6,57.61,387,65,635.1974194,451,0.2906,-0.872261641,0.408419999,-0.635033259,0.635033259,-87.22616408,1,Extr,1,19,GRAMINOID,0.020098405
73,charleville.au,2017,Grassland,6,164.6,57.61,387,65,635.1974194,451,0.2906,-0.872261641,0.408419999,-0.635033259,0.635033259,-87.22616408,1,Extr,1,19,GRAMINOID,0.020098405
74,charleville.au,2017,Grassland,2,164.6,57.61,387,65,635.1974194,451,0.2906,-0.872261641,0.408419999,-0.635033259,0.635033259,-87.22616408,1,Extr,1,19,GRAMINOID,0.020098405
75,chilcasdrt.ar,2017,Grassland,52,823.0258065,411.5129032,368,50,939.2758065,950,0.7323,-0.566828523,-0.011288625,-0.133657046,0.133657046,-56.68285229,1,Extr,1,20,GRAMINOID,0.984806765
76,chilcasdrt.ar,2017,Grassland,55,823.0258065,411.5129032,368,50,939.2758065,950,0.7323,-0.566828523,-0.011288625,-0.133657046,0.133657046,-56.68285229,1,Extr,1,20,GRAMINOID,0.984806765
77,chilcasdrt.ar,2017,Grassland,51,823.0258065,411.5129032,368,50,939.2758065,950,0.7323,-0.566828523,-0.011288625,-0.133657046,0.133657046,-56.68285229,1,Extr,1,20,GRAMINOID,0.984806765
78,ciempoz.es,2016,Shrubland,14,366.8,220.72,236,39.82551799,333.6,363.6,0.3751,-0.392959296,-0.082508251,0.00880088,0.00880088,-39.29592959,2,Extr,1,21,GRAMINOID,0
79,ciempoz.es,2016,Shrubland,12,366.8,220.72,236,39.82551799,333.6,363.6,0.3751,-0.392959296,-0.082508251,0.00880088,0.00880088,-39.29592959,2,Extr,1,21,GRAMINOID,0
80,ciempoz.es,2016,Shrubland,6,366.8,220.72,236,39.82551799,333.6,363.6,0.3751,-0.392959296,-0.082508251,0.00880088,0.00880088,-39.29592959,2,Extr,1,21,GRAMINOID,0
81,ciempoz.es,2016,Shrubland,3,366.8,220.72,236,39.82551799,333.6,363.6,0.3751,-0.392959296,-0.082508251,0.00880088,0.00880088,-39.29592959,2,Extr,1,21,GRAMINOID,0
82,ciempoz.es,2016,Shrubland,9,366.8,220.72,236,39.82551799,333.6,363.6,0.3751,-0.392959296,-0.082508251,0.00880088,0.00880088,-39.29592959,2,Extr,1,21,GRAMINOID,0
83,ciempoz.es,2016,Shrubland,2,366.8,220.72,236,39.82551799,333.6,363.6,0.3751,-0.392959296,-0.082508251,0.00880088,0.00880088,-39.29592959,2,Extr,1,21,GRAMINOID,0
84,ciempoz.es,2016,Shrubland,7,366.8,220.72,236,39.82551799,333.6,363.6,0.3751,-0.392959296,-0.082508251,0.00880088,0.00880088,-39.29592959,2,Extr,1,21,GRAMINOID,0
85,cobar.au,2017,Grassland,6,245,85.75,382,65,520.7789247,354,0.2438,-0.757768362,0.471126906,-0.307909605,0.307909605,-75.77683616,1,Extr,1,23,GRAMINOID,0.241302948
86,cobar.au,2017,Grassland,4,245,85.75,382,65,520.7789247,354,0.2438,-0.757768362,0.471126906,-0.307909605,0.307909605,-75.77683616,1,Extr,1,23,GRAMINOID,0.241302948
87,cobar.au,2017,Grassland,2,245,85.75,382,65,520.7789247,354,0.2438,-0.757768362,0.471126906,-0.307909605,0.307909605,-75.77683616,1,Extr,1,23,GRAMINOID,0.241302948
88,cowidrt.ca,2016,Grassland,7,1146.833333,623.5333333,253,45.62999564,1054.282796,1134,1.5498,-0.450146972,-0.070297358,0.011316872,0.011316872,-45.01469724,1,NotExtreme,0,24,GRAMINOID,0.625431953
89,cowidrt.ca,2016,Grassland,14,1146.833333,623.5333333,253,45.62999564,1054.282796,1134,1.5498,-0.450146972,-0.070297358,0.011316872,0.011316872,-45.01469724,1,NotExtreme,0,24,GRAMINOID,0.625431953
90,cowidrt.ca,2016,Grassland,5,1146.833333,623.5333333,253,45.62999564,1054.282796,1134,1.5498,-0.450146972,-0.070297358,0.011316872,0.011316872,-45.01469724,1,NotExtreme,0,24,GRAMINOID,0.625431953
91,cowidrt.ca,2016,Grassland,15,1146.833333,623.5333333,253,45.62999564,1054.282796,1134,1.5498,-0.450146972,-0.070297358,0.011316872,0.011316872,-45.01469724,1,NotExtreme,0,24,GRAMINOID,0.625431953
92,cowidrt.ca,2016,Grassland,10,1146.833333,623.5333333,253,45.62999564,1054.282796,1134,1.5498,-0.450146972,-0.070297358,0.011316872,0.011316872,-45.01469724,1,NotExtreme,0,24,GRAMINOID,0.625431953
93,credoj.au,2016,Shrubland,19,319.5406224,136.4743298,342,57.29046004,269.4164007,259.6,0.172,-0.474289947,0.037813562,0.23089608,0.23089608,-47.42899468,2,NotExtreme,0,25,GRAMINOID,0.193972911
94,credoj.au,2016,Shrubland,11,319.5406224,136.4743298,342,57.29046004,269.4164007,259.6,0.172,-0.474289947,0.037813562,0.23089608,0.23089608,-47.42899468,2,NotExtreme,0,25,GRAMINOID,0.193972911
95,credoj.au,2016,Shrubland,18,319.5406224,136.4743298,342,57.29046004,269.4164007,259.6,0.172,-0.474289947,0.037813562,0.23089608,0.23089608,-47.42899468,2,NotExtreme,0,25,GRAMINOID,0.193972911
96,credoj.au,2016,Shrubland,15,319.5406224,136.4743298,342,57.29046004,269.4164007,259.6,0.172,-0.474289947,0.037813562,0.23089608,0.23089608,-47.42899468,2,NotExtreme,0,25,GRAMINOID,0.193972911
97,credoj.au,2016,Shrubland,13,319.5406224,136.4743298,342,57.29046004,269.4164007,259.6,0.172,-0.474289947,0.037813562,0.23089608,0.23089608,-47.42899468,2,NotExtreme,0,25,GRAMINOID,0.193972911
98,credom.au,2016,Shrubland,4,319.5406224,136.4743298,342,57.29046004,269.4164007,259.6,0.172,-0.474289947,0.037813562,0.23089608,0.23089608,-47.42899468,2,NotExtreme,0,26,GRAMINOID,0.12080804
99,credom.au,2016,Shrubland,5,319.5406224,136.4743298,342,57.29046004,269.4164007,259.6,0.172,-0.474289947,0.037813562,0.23089608,0.23089608,-47.42899468,2,NotExtreme,0,26,GRAMINOID,0.12080804
100,credom.au,2016,Shrubland,3,319.5406224,136.4743298,342,57.29046004,269.4164007,259.6,0.172,-0.474289947,0.037813562,0.23089608,0.23089608,-47.42899468,2,NotExtreme,0,26,GRAMINOID,0.12080804
101,credom.au,2016,Shrubland,10,319.5406224,136.4743298,342,57.29046004,269.4164007,259.6,0.172,-0.474289947,0.037813562,0.23089608,0.23089608,-47.42899468,2,NotExtreme,0,26,GRAMINOID,0.12080804
102,credom.au,2016,Shrubland,7,319.5406224,136.4743298,342,57.29046004,269.4164007,259.6,0.172,-0.474289947,0.037813562,0.23089608,0.23089608,-47.42899468,2,NotExtreme,0,26,GRAMINOID,0.12080804
103,dang.cn,2018,Grassland,48,363.9799373,222.3124381,234,38.9217879,493.2129165,419,0.4006,-0.469421389,0.177119132,-0.131312799,0.131312799,-46.94213888,1,Extr,1,27,GRAMINOID,0.725549248
104,dang.cn,2018,Grassland,53,363.9799373,222.3124381,234,38.9217879,493.2129165,419,0.4006,-0.469421389,0.177119132,-0.131312799,0.131312799,-46.94213888,1,Extr,1,27,GRAMINOID,0.725549248
105,dang.cn,2018,Grassland,215,363.9799373,222.3124381,234,38.9217879,493.2129165,419,0.4006,-0.469421389,0.177119132,-0.131312799,0.131312799,-46.94213888,1,Extr,1,27,GRAMINOID,0.725549248
106,dang.cn,2018,Grassland,32,363.9799373,222.3124381,234,38.9217879,493.2129165,419,0.4006,-0.469421389,0.177119132,-0.131312799,0.131312799,-46.94213888,1,Extr,1,27,GRAMINOID,0.725549248
107,dang.cn,2018,Grassland,19,363.9799373,222.3124381,234,38.9217879,493.2129165,419,0.4006,-0.469421389,0.177119132,-0.131312799,0.131312799,-46.94213888,1,Extr,1,27,GRAMINOID,0.725549248
108,elvadrt.ee,2017,Grassland,3,606.2,230.356,442,62,581.342,680,1.0945,-0.661241176,-0.145085294,-0.108529412,0.108529412,-66.12411765,1,Extr,1,28,GRAMINOID,0.54142229
109,elvadrt.ee,2017,Grassland,1,606.2,230.356,442,62,581.342,680,1.0945,-0.661241176,-0.145085294,-0.108529412,0.108529412,-66.12411765,1,Extr,1,28,GRAMINOID,0.54142229
110,elvadrt.ee,2017,Grassland,5,606.2,230.356,442,62,581.342,680,1.0945,-0.661241176,-0.145085294,-0.108529412,0.108529412,-66.12411765,1,Extr,1,28,GRAMINOID,0.54142229
111,esw.ca,2016,Grassland,4,968.0602151,786.3424731,136,18.77132632,807.8096774,1011.5,1.0935,-0.222597654,-0.201374516,-0.042945907,0.042945907,-22.25976539,1,Extr,1,29,GRAMINOID,0.086117555
112,esw.ca,2016,Grassland,5,968.0602151,786.3424731,136,18.77132632,807.8096774,1011.5,1.0935,-0.222597654,-0.201374516,-0.042945907,0.042945907,-22.25976539,1,Extr,1,29,GRAMINOID,0.086117555
113,esw.ca,2016,Grassland,6,968.0602151,786.3424731,136,18.77132632,807.8096774,1011.5,1.0935,-0.222597654,-0.201374516,-0.042945907,0.042945907,-22.25976539,1,Extr,1,29,GRAMINOID,0.086117555
114,falls.au,2018,Grassland,8,1338.52202,803.1132122,368,40,1705.615304,1239,1.9963,-0.351805317,0.376606379,0.080324471,0.080324471,-35.1805317,1,NotExtreme,0,32,GRAMINOID,0.36686006
115,falls.au,2018,Grassland,4,1338.52202,803.1132122,368,40,1705.615304,1239,1.9963,-0.351805317,0.376606379,0.080324471,0.080324471,-35.1805317,1,NotExtreme,0,32,GRAMINOID,0.36686006
116,falls.au,2018,Grassland,3,1338.52202,803.1132122,368,40,1705.615304,1239,1.9963,-0.351805317,0.376606379,0.080324471,0.080324471,-35.1805317,1,NotExtreme,0,32,GRAMINOID,0.36686006
117,freiburg.de,2016,Grassland,48,955.7,789.485,122,17.39196401,1064.1,934,1.029,-0.154726981,0.139293362,0.023233405,0.023233405,-15.47269807,1,NotExtreme,0,33,GRAMINOID,0.632135519
118,freiburg.de,2016,Grassland,42,955.7,789.485,122,17.39196401,1064.1,934,1.029,-0.154726981,0.139293362,0.023233405,0.023233405,-15.47269807,1,NotExtreme,0,33,GRAMINOID,0.632135519
119,freiburg.de,2016,Grassland,10,955.7,789.485,122,17.39196401,1064.1,934,1.029,-0.154726981,0.139293362,0.023233405,0.023233405,-15.47269807,1,NotExtreme,0,33,GRAMINOID,0.632135519
120,freiburg.de,2016,Grassland,26,955.7,789.485,122,17.39196401,1064.1,934,1.029,-0.154726981,0.139293362,0.023233405,0.023233405,-15.47269807,1,NotExtreme,0,33,GRAMINOID,0.632135519
121,gmgranite.us,2020,Shrubland,5,226.75,77.095,364,66,259.08,220,0.1766,-0.649568182,0.177636364,0.030681818,0.030681818,-64.95681818,2,NotExtreme,0,36,GRAMINOID,0.352641513
122,gmgranite.us,2020,Shrubland,7,226.75,77.095,364,66,259.08,220,0.1766,-0.649568182,0.177636364,0.030681818,0.030681818,-64.95681818,2,NotExtreme,0,36,GRAMINOID,0.352641513
123,gmgranite.us,2020,Shrubland,8,226.75,77.095,364,66,259.08,220,0.1766,-0.649568182,0.177636364,0.030681818,0.030681818,-64.95681818,2,NotExtreme,0,36,GRAMINOID,0.352641513
124,gmgranite.us,2020,Shrubland,9,226.75,77.095,364,66,259.08,220,0.1766,-0.649568182,0.177636364,0.030681818,0.030681818,-64.95681818,2,NotExtreme,0,36,GRAMINOID,0.352641513
125,gmgranite.us,2020,Shrubland,13,226.75,77.095,364,66,259.08,220,0.1766,-0.649568182,0.177636364,0.030681818,0.030681818,-64.95681818,2,NotExtreme,0,36,GRAMINOID,0.352641513
126,gmgranite.us,2020,Shrubland,4,226.75,77.095,364,66,259.08,220,0.1766,-0.649568182,0.177636364,0.030681818,0.030681818,-64.95681818,2,NotExtreme,0,36,GRAMINOID,0.352641513
127,gmgranite.us,2020,Shrubland,14,226.75,77.095,364,66,259.08,220,0.1766,-0.649568182,0.177636364,0.030681818,0.030681818,-64.95681818,2,NotExtreme,0,36,GRAMINOID,0.352641513
128,gmmolar.us,2020,Shrubland,14,226.75,77.095,364,66,259.08,220,0.1727,-0.649568182,0.177636364,0.030681818,0.030681818,-64.95681818,2,NotExtreme,0,37,GRAMINOID,0.256523762
129,gmmolar.us,2020,Shrubland,12,226.75,77.095,364,66,259.08,220,0.1727,-0.649568182,0.177636364,0.030681818,0.030681818,-64.95681818,2,NotExtreme,0,37,GRAMINOID,0.256523762
130,gmmolar.us,2020,Shrubland,6,226.75,77.095,364,66,259.08,220,0.1727,-0.649568182,0.177636364,0.030681818,0.030681818,-64.95681818,2,NotExtreme,0,37,GRAMINOID,0.256523762
131,gmmolar.us,2020,Shrubland,10,226.75,77.095,364,66,259.08,220,0.1727,-0.649568182,0.177636364,0.030681818,0.030681818,-64.95681818,2,NotExtreme,0,37,GRAMINOID,0.256523762
132,gmmolar.us,2020,Shrubland,1,226.75,77.095,364,66,259.08,220,0.1727,-0.649568182,0.177636364,0.030681818,0.030681818,-64.95681818,2,NotExtreme,0,37,GRAMINOID,0.256523762
133,gmmolar.us,2020,Shrubland,8,226.75,77.095,364,66,259.08,220,0.1727,-0.649568182,0.177636364,0.030681818,0.030681818,-64.95681818,2,NotExtreme,0,37,GRAMINOID,0.256523762
134,gmmolar.us,2020,Shrubland,9,226.75,77.095,364,66,259.08,220,0.1727,-0.649568182,0.177636364,0.030681818,0.030681818,-64.95681818,2,NotExtreme,0,37,GRAMINOID,0.256523762
135,guaribas.br,2016,Grassland,3,1072.326334,767.5528229,240,28.4217128,1090.050376,1908,0.8074,-0.597718646,-0.428694771,-0.437984102,0.437984102,-59.77186463,1,Extr,1,38,GRAMINOID,0.800966931
136,guaribas.br,2016,Grassland,6,1072.326334,767.5528229,240,28.4217128,1090.050376,1908,0.8074,-0.597718646,-0.428694771,-0.437984102,0.437984102,-59.77186463,1,Extr,1,38,GRAMINOID,0.800966931
137,guaribas.br,2016,Grassland,11,1072.326334,767.5528229,240,28.4217128,1090.050376,1908,0.8074,-0.597718646,-0.428694771,-0.437984102,0.437984102,-59.77186463,1,Extr,1,38,GRAMINOID,0.800966931
138,haibei.cn,2019,Grassland,32,747.3124317,373.6562158,591,50,423.4315266,469,0.6609,-0.203291651,-0.097160924,0.593416699,0.593416699,-20.32916507,1,NotExtreme,0,39,GRAMINOID,0
139,haibei.cn,2019,Grassland,215,747.3124317,373.6562158,591,50,423.4315266,469,0.6609,-0.203291651,-0.097160924,0.593416699,0.593416699,-20.32916507,1,NotExtreme,0,39,GRAMINOID,0
140,haibei.cn,2019,Grassland,19,747.3124317,373.6562158,591,50,423.4315266,469,0.6609,-0.203291651,-0.097160924,0.593416699,0.593416699,-20.32916507,1,NotExtreme,0,39,GRAMINOID,0
141,hard.us,2016,Shrubland,6,497.3,436.811,124,12.16348281,545.3,462,0.4196,-0.054521645,0.18030303,0.076406926,0.076406926,-5.452164502,2,NotExtreme,0,40,GRAMINOID,0.271684268
142,hard.us,2016,Shrubland,3,497.3,436.811,124,12.16348281,545.3,462,0.4196,-0.054521645,0.18030303,0.076406926,0.076406926,-5.452164502,2,NotExtreme,0,40,GRAMINOID,0.271684268
143,hard.us,2016,Shrubland,1,497.3,436.811,124,12.16348281,545.3,462,0.4196,-0.054521645,0.18030303,0.076406926,0.076406926,-5.452164502,2,NotExtreme,0,40,GRAMINOID,0.271684268
144,hong.cn,2018,Grassland,107,931.5,642.4,230,31.0359635,586.1,703,0.858,-0.086201991,-0.16628734,0.325035562,0.325035562,-8.620199147,1,NotExtreme,0,42,GRAMINOID,0.419107373
145,hong.cn,2018,Grassland,302,931.5,642.4,230,31.0359635,586.1,703,0.858,-0.086201991,-0.16628734,0.325035562,0.325035562,-8.620199147,1,NotExtreme,0,42,GRAMINOID,0.419107373
146,hong.cn,2018,Grassland,202,931.5,642.4,230,31.0359635,586.1,703,0.858,-0.086201991,-0.16628734,0.325035562,0.325035562,-8.620199147,1,NotExtreme,0,42,GRAMINOID,0.419107373
147,hong.cn,2018,Grassland,409,931.5,642.4,230,31.0359635,586.1,703,0.858,-0.086201991,-0.16628734,0.325035562,0.325035562,-8.620199147,1,NotExtreme,0,42,GRAMINOID,0.419107373
148,hulun.cn,2018,Grassland,612,348.9293963,211.2297618,235,39.46346624,315.2599987,360,0.5067,-0.413250662,-0.124277781,-0.030751677,0.030751677,-41.32506617,1,Extr,1,45,GRAMINOID,0.463443082
149,hulun.cn,2018,Grassland,19,348.9293963,211.2297618,235,39.46346624,315.2599987,360,0.5067,-0.413250662,-0.124277781,-0.030751677,0.030751677,-41.32506617,1,Extr,1,45,GRAMINOID,0.463443082
150,hulun.cn,2018,Grassland,215,348.9293963,211.2297618,235,39.46346624,315.2599987,360,0.5067,-0.413250662,-0.124277781,-0.030751677,0.030751677,-41.32506617,1,Extr,1,45,GRAMINOID,0.463443082
151,hulun.cn,2018,Grassland,32,348.9293963,211.2297618,235,39.46346624,315.2599987,360,0.5067,-0.413250662,-0.124277781,-0.030751677,0.030751677,-41.32506617,1,Extr,1,45,GRAMINOID,0.463443082
152,hulun.cn,2018,Grassland,53,348.9293963,211.2297618,235,39.46346624,315.2599987,360,0.5067,-0.413250662,-0.124277781,-0.030751677,0.030751677,-41.32506617,1,Extr,1,45,GRAMINOID,0.463443082
153,hulun.cn,2018,Grassland,48,348.9293963,211.2297618,235,39.46346624,315.2599987,360,0.5067,-0.413250662,-0.124277781,-0.030751677,0.030751677,-41.32506617,1,Extr,1,45,GRAMINOID,0.463443082
154,jorndrt.us,2016,Grassland,1,172,40.24,355,76.60465116,283.6,241.88,0.163,-0.833636514,0.172482223,-0.288903589,0.288903589,-83.3636514,1,Extr,1,47,GRAMINOID,0.806057846
155,jorndrt.us,2016,Grassland,5,172,40.24,355,76.60465116,283.6,241.88,0.163,-0.833636514,0.172482223,-0.288903589,0.288903589,-83.3636514,1,Extr,1,47,GRAMINOID,0.806057846
156,jorndrt.us,2016,Grassland,4,172,40.24,355,76.60465116,283.6,241.88,0.163,-0.833636514,0.172482223,-0.288903589,0.288903589,-83.3636514,1,Extr,1,47,GRAMINOID,0.806057846
157,kernb.ca,2017,Grassland,4,414.7,264.22,449,36.28647215,411.6925,353.7,0.4723,-0.252982754,0.16395957,0.172462539,0.172462539,-25.29827537,1,NotExtreme,0,48,GRAMINOID,0.764997792
158,kernb.ca,2017,Grassland,2,414.7,264.22,449,36.28647215,411.6925,353.7,0.4723,-0.252982754,0.16395957,0.172462539,0.172462539,-25.29827537,1,NotExtreme,0,48,GRAMINOID,0.764997792
159,kernb.ca,2017,Grassland,1,414.7,264.22,449,36.28647215,411.6925,353.7,0.4723,-0.252982754,0.16395957,0.172462539,0.172462539,-25.29827537,1,NotExtreme,0,48,GRAMINOID,0.764997792
160,kernnu.ca,2017,Grassland,3,414.7,264.22,449,36.28647215,411.6925,353.7,0.4723,-0.252982754,0.16395957,0.172462539,0.172462539,-25.29827537,1,NotExtreme,0,49,GRAMINOID,0.737212468
161,kernnu.ca,2017,Grassland,4,414.7,264.22,449,36.28647215,411.6925,353.7,0.4723,-0.252982754,0.16395957,0.172462539,0.172462539,-25.29827537,1,NotExtreme,0,49,GRAMINOID,0.737212468
162,kernnu.ca,2017,Grassland,1,414.7,264.22,449,36.28647215,411.6925,353.7,0.4723,-0.252982754,0.16395957,0.172462539,0.172462539,-25.29827537,1,NotExtreme,0,49,GRAMINOID,0.737212468
163,konzadrt.us,2016,Grassland,1,1104.2,593,175,46.29596088,965.848387,830,0.735,-0.285542169,0.163672755,0.330361446,0.330361446,-28.55421687,1,NotExtreme,0,50,GRAMINOID,0.789944098
164,konzadrt.us,2016,Grassland,4,1104.2,593,175,46.29596088,965.848387,830,0.735,-0.285542169,0.163672755,0.330361446,0.330361446,-28.55421687,1,NotExtreme,0,50,GRAMINOID,0.789944098
165,konzadrt.us,2016,Grassland,10,1104.2,593,175,46.29596088,965.848387,830,0.735,-0.285542169,0.163672755,0.330361446,0.330361446,-28.55421687,1,NotExtreme,0,50,GRAMINOID,0.789944098
166,konzadrt.us,2016,Grassland,2,1104.2,593,175,46.29596088,965.848387,830,0.735,-0.285542169,0.163672755,0.330361446,0.330361446,-28.55421687,1,NotExtreme,0,50,GRAMINOID,0.789944098
167,konzadrt.us,2016,Grassland,8,1104.2,593,175,46.29596088,965.848387,830,0.735,-0.285542169,0.163672755,0.330361446,0.330361446,-28.55421687,1,NotExtreme,0,50,GRAMINOID,0.789944098
168,lygraint.no,2017,Shrubland,1,2687.9,2325.3,113,13.4900852,2713.8,2234,4.6145,0.040868397,0.21477171,0.203178156,0.203178156,4.086839749,2,NotExtreme,0,52,GRAMINOID,0.305918349
169,lygraint.no,2017,Shrubland,7,2687.9,2325.3,113,13.4900852,2713.8,2234,4.6145,0.040868397,0.21477171,0.203178156,0.203178156,4.086839749,2,NotExtreme,0,52,GRAMINOID,0.305918349
170,lygraint.no,2017,Shrubland,6,2687.9,2325.3,113,13.4900852,2713.8,2234,4.6145,0.040868397,0.21477171,0.203178156,0.203178156,4.086839749,2,NotExtreme,0,52,GRAMINOID,0.305918349
171,lygraold.no,2017,Shrubland,5,2687.9,2325.3,113,13.4900852,2713.8,2234,4.6178,0.040868397,0.21477171,0.203178156,0.203178156,4.086839749,2,NotExtreme,0,53,GRAMINOID,0.393885594
172,lygraold.no,2017,Shrubland,2,2687.9,2325.3,113,13.4900852,2713.8,2234,4.6178,0.040868397,0.21477171,0.203178156,0.203178156,4.086839749,2,NotExtreme,0,53,GRAMINOID,0.393885594
173,lygraold.no,2017,Shrubland,8,2687.9,2325.3,113,13.4900852,2713.8,2234,4.6178,0.040868397,0.21477171,0.203178156,0.203178156,4.086839749,2,NotExtreme,0,53,GRAMINOID,0.393885594
174,lygrayng.no,2017,Shrubland,8,2687.9,2325.3,113,13.4900852,2713.8,2234,4.6145,0.040868397,0.21477171,0.203178156,0.203178156,4.086839749,2,NotExtreme,0,54,GRAMINOID,0.084665133
175,lygrayng.no,2017,Shrubland,3,2687.9,2325.3,113,13.4900852,2713.8,2234,4.6145,0.040868397,0.21477171,0.203178156,0.203178156,4.086839749,2,NotExtreme,0,54,GRAMINOID,0.084665133
176,lygrayng.no,2017,Shrubland,6,2687.9,2325.3,113,13.4900852,2713.8,2234,4.6145,0.040868397,0.21477171,0.203178156,0.203178156,4.086839749,2,NotExtreme,0,54,GRAMINOID,0.084665133
177,marcdrt.ar,2016,Grassland,8,1088.2,959.05,143,11.86822275,690.5,927.9,0.7508,0.033570428,-0.255846535,0.172755685,0.172755685,3.357042785,1,NotExtreme,0,55,GRAMINOID,0.96836166
178,marcdrt.ar,2016,Grassland,6,1088.2,959.05,143,11.86822275,690.5,927.9,0.7508,0.033570428,-0.255846535,0.172755685,0.172755685,3.357042785,1,NotExtreme,0,55,GRAMINOID,0.96836166
179,marcdrt.ar,2016,Grassland,13,1088.2,959.05,143,11.86822275,690.5,927.9,0.7508,0.033570428,-0.255846535,0.172755685,0.172755685,3.357042785,1,NotExtreme,0,55,GRAMINOID,0.96836166
180,marcdrt.ar,2016,Grassland,9,1088.2,959.05,143,11.86822275,690.5,927.9,0.7508,0.033570428,-0.255846535,0.172755685,0.172755685,3.357042785,1,NotExtreme,0,55,GRAMINOID,0.96836166
181,matador.ca,2017,Grassland,4,390.6,251.33,451,35.65540195,486.505,358.4,0.4242,-0.29874442,0.357435826,0.08984375,0.08984375,-29.87444196,1,NotExtreme,0,56,GRAMINOID,0.895399165
182,matador.ca,2017,Grassland,1,390.6,251.33,451,35.65540195,486.505,358.4,0.4242,-0.29874442,0.357435826,0.08984375,0.08984375,-29.87444196,1,NotExtreme,0,56,GRAMINOID,0.895399165
183,matador.ca,2017,Grassland,2,390.6,251.33,451,35.65540195,486.505,358.4,0.4242,-0.29874442,0.357435826,0.08984375,0.08984375,-29.87444196,1,NotExtreme,0,56,GRAMINOID,0.895399165
184,matta.il,2016,Shrubland,5,510.8394607,181.1679567,213,64.53524627,654.5566372,540,0.3433,-0.664503784,0.212141921,-0.054000999,0.054000999,-66.45037839,2,Extr,1,57,GRAMINOID,0.262439539
185,matta.il,2016,Shrubland,6,510.8394607,181.1679567,213,64.53524627,654.5566372,540,0.3433,-0.664503784,0.212141921,-0.054000999,0.054000999,-66.45037839,2,Extr,1,57,GRAMINOID,0.262439539
186,matta.il,2016,Shrubland,9,510.8394607,181.1679567,213,64.53524627,654.5566372,540,0.3433,-0.664503784,0.212141921,-0.054000999,0.054000999,-66.45037839,2,Extr,1,57,GRAMINOID,0.262439539
187,matta.il,2016,Shrubland,3,510.8394607,181.1679567,213,64.53524627,654.5566372,540,0.3433,-0.664503784,0.212141921,-0.054000999,0.054000999,-66.45037839,2,Extr,1,57,GRAMINOID,0.262439539
188,matta.il,2016,Shrubland,2,510.8394607,181.1679567,213,64.53524627,654.5566372,540,0.3433,-0.664503784,0.212141921,-0.054000999,0.054000999,-66.45037839,2,Extr,1,57,GRAMINOID,0.262439539
189,milparinka.au,2017,Grassland,2,228.2,79.87,385,65,326.18,192,0.1338,-0.584010417,0.698854167,0.188541667,0.188541667,-58.40104167,1,NotExtreme,0,58,GRAMINOID,0.620793803
190,milparinka.au,2017,Grassland,6,228.2,79.87,385,65,326.18,192,0.1338,-0.584010417,0.698854167,0.188541667,0.188541667,-58.40104167,1,NotExtreme,0,58,GRAMINOID,0.620793803
191,milparinka.au,2017,Grassland,4,228.2,79.87,385,65,326.18,192,0.1338,-0.584010417,0.698854167,0.188541667,0.188541667,-58.40104167,1,NotExtreme,0,58,GRAMINOID,0.620793803
192,morient.ar,2017,Shrubland,3,464.1290323,249.3845161,349,46.26827912,334.9677419,382.7,0.2035,-0.348355066,-0.124725002,0.212775104,0.212775104,-34.83550664,2,NotExtreme,0,59,GRAMINOID,0.773347463
193,morient.ar,2017,Shrubland,5,464.1290323,249.3845161,349,46.26827912,334.9677419,382.7,0.2035,-0.348355066,-0.124725002,0.212775104,0.212775104,-34.83550664,2,NotExtreme,0,59,GRAMINOID,0.773347463
194,naqu.cn,2018,Grassland,19,495.4618795,340.3635829,226,31.30377997,488.5774058,430,0.5728,-0.208456784,0.136226525,0.152236929,0.152236929,-20.8456784,1,NotExtreme,0,61,GRAMINOID,0.690217994
195,naqu.cn,2018,Grassland,612,495.4618795,340.3635829,226,31.30377997,488.5774058,430,0.5728,-0.208456784,0.136226525,0.152236929,0.152236929,-20.8456784,1,NotExtreme,0,61,GRAMINOID,0.690217994
196,naqu.cn,2018,Grassland,32,495.4618795,340.3635829,226,31.30377997,488.5774058,430,0.5728,-0.208456784,0.136226525,0.152236929,0.152236929,-20.8456784,1,NotExtreme,0,61,GRAMINOID,0.690217994
197,naqu.cn,2018,Grassland,53,495.4618795,340.3635829,226,31.30377997,488.5774058,430,0.5728,-0.208456784,0.136226525,0.152236929,0.152236929,-20.8456784,1,NotExtreme,0,61,GRAMINOID,0.690217994
198,naqu.cn,2018,Grassland,48,495.4618795,340.3635829,226,31.30377997,488.5774058,430,0.5728,-0.208456784,0.136226525,0.152236929,0.152236929,-20.8456784,1,NotExtreme,0,61,GRAMINOID,0.690217994
199,naqu.cn,2018,Grassland,215,495.4618795,340.3635829,226,31.30377997,488.5774058,430,0.5728,-0.208456784,0.136226525,0.152236929,0.152236929,-20.8456784,1,NotExtreme,0,61,GRAMINOID,0.690217994
200,nplatte.us,2016,Shrubland,4,288.195,166.71651,124,42.15149118,413.7,305,0.2532,-0.453388492,0.356393443,-0.055098361,0.055098361,-45.33884918,2,Extr,1,63,GRAMINOID,0.975490506
201,nplatte.us,2016,Shrubland,6,288.195,166.71651,124,42.15149118,413.7,305,0.2532,-0.453388492,0.356393443,-0.055098361,0.055098361,-45.33884918,2,Extr,1,63,GRAMINOID,0.975490506
202,nplatte.us,2016,Shrubland,2,288.195,166.71651,124,42.15149118,413.7,305,0.2532,-0.453388492,0.356393443,-0.055098361,0.055098361,-45.33884918,2,Extr,1,63,GRAMINOID,0.975490506
203,nplatte.us,2016,Shrubland,10,288.195,166.71651,124,42.15149118,413.7,305,0.2532,-0.453388492,0.356393443,-0.055098361,0.055098361,-45.33884918,2,Extr,1,63,GRAMINOID,0.975490506
204,nplatte.us,2016,Shrubland,12,288.195,166.71651,124,42.15149118,413.7,305,0.2532,-0.453388492,0.356393443,-0.055098361,0.055098361,-45.33884918,2,Extr,1,63,GRAMINOID,0.975490506
205,nplatte.us,2016,Shrubland,14,288.195,166.71651,124,42.15149118,413.7,305,0.2532,-0.453388492,0.356393443,-0.055098361,0.055098361,-45.33884918,2,Extr,1,63,GRAMINOID,0.975490506
206,nplatte.us,2016,Shrubland,8,288.195,166.71651,124,42.15149118,413.7,305,0.2532,-0.453388492,0.356393443,-0.055098361,0.055098361,-45.33884918,2,Extr,1,63,GRAMINOID,0.975490506
207,nplatte.us,2016,Shrubland,16,288.195,166.71651,124,42.15149118,413.7,305,0.2532,-0.453388492,0.356393443,-0.055098361,0.055098361,-45.33884918,2,Extr,1,63,GRAMINOID,0.975490506
208,nyngan.au,2017,Grassland,2,219.6,76.86,382,65,647.2546237,441,0.3038,-0.825714286,0.467697559,-0.502040816,0.502040816,-82.57142857,1,Extr,1,64,GRAMINOID,0.272447297
209,nyngan.au,2017,Grassland,4,219.6,76.86,382,65,647.2546237,441,0.3038,-0.825714286,0.467697559,-0.502040816,0.502040816,-82.57142857,1,Extr,1,64,GRAMINOID,0.272447297
210,nyngan.au,2017,Grassland,6,219.6,76.86,382,65,647.2546237,441,0.3038,-0.825714286,0.467697559,-0.502040816,0.502040816,-82.57142857,1,Extr,1,64,GRAMINOID,0.272447297
211,paike.ar,2017,Grassland,5,205.916129,94.72141935,469,54,143.3540645,202,0.2923,-0.531082082,-0.290326413,0.019386777,0.019386777,-53.10820824,1,NotExtreme,0,67,GRAMINOID,0.844895725
212,paike.ar,2017,Grassland,6,205.916129,94.72141935,469,54,143.3540645,202,0.2923,-0.531082082,-0.290326413,0.019386777,0.019386777,-53.10820824,1,NotExtreme,0,67,GRAMINOID,0.844895725
213,paike.ar,2017,Grassland,4,205.916129,94.72141935,469,54,143.3540645,202,0.2923,-0.531082082,-0.290326413,0.019386777,0.019386777,-53.10820824,1,NotExtreme,0,67,GRAMINOID,0.844895725
214,passogavia.it,2019,Grassland,7,827.952686,665.197686,438,19.65752425,678.6812,1281,3.764,-0.480719995,-0.470194223,-0.353666912,0.353666912,-48.07199953,1,Extr,1,68,GRAMINOID,0.527300681
215,passogavia.it,2019,Grassland,6,827.952686,665.197686,438,19.65752425,678.6812,1281,3.764,-0.480719995,-0.470194223,-0.353666912,0.353666912,-48.07199953,1,Extr,1,68,GRAMINOID,0.527300681
216,passogavia.it,2019,Grassland,8,827.952686,665.197686,438,19.65752425,678.6812,1281,3.764,-0.480719995,-0.470194223,-0.353666912,0.353666912,-48.07199953,1,Extr,1,68,GRAMINOID,0.527300681
217,passogavia.it,2019,Grassland,10,827.952686,665.197686,438,19.65752425,678.6812,1281,3.764,-0.480719995,-0.470194223,-0.353666912,0.353666912,-48.07199953,1,Extr,1,68,GRAMINOID,0.527300681
218,passogavia.it,2019,Grassland,9,827.952686,665.197686,438,19.65752425,678.6812,1281,3.764,-0.480719995,-0.470194223,-0.353666912,0.353666912,-48.07199953,1,Extr,1,68,GRAMINOID,0.527300681
219,pineta.es,2016,Grassland,8,763.5,624.96678,214,18.14449509,964.4,1356.602,1.3053,-0.539314567,-0.289106164,-0.437196761,0.437196761,-53.93145668,1,Extr,1,69,GRAMINOID,0.946369808
220,pineta.es,2016,Grassland,1,763.5,624.96678,214,18.14449509,964.4,1356.602,1.3053,-0.539314567,-0.289106164,-0.437196761,0.437196761,-53.93145668,1,Extr,1,69,GRAMINOID,0.946369808
221,pineta.es,2016,Grassland,7,763.5,624.96678,214,18.14449509,964.4,1356.602,1.3053,-0.539314567,-0.289106164,-0.437196761,0.437196761,-53.93145668,1,Extr,1,69,GRAMINOID,0.946369808
222,pineta.es,2016,Grassland,11,763.5,624.96678,214,18.14449509,964.4,1356.602,1.3053,-0.539314567,-0.289106164,-0.437196761,0.437196761,-53.93145668,1,Extr,1,69,GRAMINOID,0.946369808
223,pineta.es,2016,Grassland,2,763.5,624.96678,214,18.14449509,964.4,1356.602,1.3053,-0.539314567,-0.289106164,-0.437196761,0.437196761,-53.93145668,1,Extr,1,69,GRAMINOID,0.946369808
224,pineta.es,2016,Grassland,12,763.5,624.96678,214,18.14449509,964.4,1356.602,1.3053,-0.539314567,-0.289106164,-0.437196761,0.437196761,-53.93145668,1,Extr,1,69,GRAMINOID,0.946369808
225,plattev.us,2017,Grassland,6,1042.1,521.05,518,50,834.75,961.6,0.8971,-0.458142679,-0.131915557,0.083714642,0.083714642,-45.81426789,1,NotExtreme,0,70,GRAMINOID,0.569928874
226,plattev.us,2017,Grassland,5,1042.1,521.05,518,50,834.75,961.6,0.8971,-0.458142679,-0.131915557,0.083714642,0.083714642,-45.81426789,1,NotExtreme,0,70,GRAMINOID,0.569928874
227,plattev.us,2017,Grassland,4,1042.1,521.05,518,50,834.75,961.6,0.8971,-0.458142679,-0.131915557,0.083714642,0.083714642,-45.81426789,1,NotExtreme,0,70,GRAMINOID,0.569928874
228,pneburn.br,2019,Grassland,4,1284.693571,963.1274714,301,25.03056816,1489.460024,1568.26,1,-0.385862375,-0.050246755,-0.180815955,0.180815955,-38.58623752,1,Extr,1,71,GRAMINOID,0.724355721
229,pneburn.br,2019,Grassland,28,1284.693571,963.1274714,301,25.03056816,1489.460024,1568.26,1,-0.385862375,-0.050246755,-0.180815955,0.180815955,-38.58623752,1,Extr,1,71,GRAMINOID,0.724355721
230,pneburn.br,2019,Grassland,20,1284.693571,963.1274714,301,25.03056816,1489.460024,1568.26,1,-0.385862375,-0.050246755,-0.180815955,0.180815955,-38.58623752,1,Extr,1,71,GRAMINOID,0.724355721
231,pneburn.br,2019,Grassland,11,1284.693571,963.1274714,301,25.03056816,1489.460024,1568.26,1,-0.385862375,-0.050246755,-0.180815955,0.180815955,-38.58623752,1,Extr,1,71,GRAMINOID,0.724355721
232,pneburn.br,2019,Grassland,48,1284.693571,963.1274714,301,25.03056816,1489.460024,1568.26,1,-0.385862375,-0.050246755,-0.180815955,0.180815955,-38.58623752,1,Extr,1,71,GRAMINOID,0.724355721
233,pneburn.br,2019,Grassland,34,1284.693571,963.1274714,301,25.03056816,1489.460024,1568.26,1,-0.385862375,-0.050246755,-0.180815955,0.180815955,-38.58623752,1,Extr,1,71,GRAMINOID,0.724355721
234,pneunburn.br,2019,Grassland,9,1284.693571,963.1274714,301,25.03056816,1489.460024,1568.26,1,-0.385862375,-0.050246755,-0.180815955,0.180815955,-38.58623752,1,Extr,1,72,GRAMINOID,0.491838868
235,pneunburn.br,2019,Grassland,25,1284.693571,963.1274714,301,25.03056816,1489.460024,1568.26,1,-0.385862375,-0.050246755,-0.180815955,0.180815955,-38.58623752,1,Extr,1,72,GRAMINOID,0.491838868
236,pneunburn.br,2019,Grassland,42,1284.693571,963.1274714,301,25.03056816,1489.460024,1568.26,1,-0.385862375,-0.050246755,-0.180815955,0.180815955,-38.58623752,1,Extr,1,72,GRAMINOID,0.491838868
237,pneunburn.br,2019,Grassland,14,1284.693571,963.1274714,301,25.03056816,1489.460024,1568.26,1,-0.385862375,-0.050246755,-0.180815955,0.180815955,-38.58623752,1,Extr,1,72,GRAMINOID,0.491838868
238,pneunburn.br,2019,Grassland,44,1284.693571,963.1274714,301,25.03056816,1489.460024,1568.26,1,-0.385862375,-0.050246755,-0.180815955,0.180815955,-38.58623752,1,Extr,1,72,GRAMINOID,0.491838868
239,pneunburn.br,2019,Grassland,32,1284.693571,963.1274714,301,25.03056816,1489.460024,1568.26,1,-0.385862375,-0.050246755,-0.180815955,0.180815955,-38.58623752,1,Extr,1,72,GRAMINOID,0.491838868
240,pozos.ar,2018,Grassland,5,281,140.5,386,50,285.0419381,244,0.2879,-0.424180328,0.168204664,0.151639344,0.151639344,-42.41803279,1,NotExtreme,0,73,GRAMINOID,0.295185985
241,pozos.ar,2018,Grassland,6,281,140.5,386,50,285.0419381,244,0.2879,-0.424180328,0.168204664,0.151639344,0.151639344,-42.41803279,1,NotExtreme,0,73,GRAMINOID,0.295185985
242,pozos.ar,2018,Grassland,4,281,140.5,386,50,285.0419381,244,0.2879,-0.424180328,0.168204664,0.151639344,0.151639344,-42.41803279,1,NotExtreme,0,73,GRAMINOID,0.295185985
243,quilpie.au,2017,Grassland,6,134.6,47.11,386,65,469.4225065,354,0.2131,-0.866920904,0.326052278,-0.619774011,0.619774011,-86.6920904,1,Extr,1,75,GRAMINOID,0.170220501
244,quilpie.au,2017,Grassland,4,134.6,47.11,386,65,469.4225065,354,0.2131,-0.866920904,0.326052278,-0.619774011,0.619774011,-86.6920904,1,Extr,1,75,GRAMINOID,0.170220501
245,quilpie.au,2017,Grassland,2,134.6,47.11,386,65,469.4225065,354,0.2131,-0.866920904,0.326052278,-0.619774011,0.619774011,-86.6920904,1,Extr,1,75,GRAMINOID,0.170220501
246,rhijn.nl,2017,Grassland,7,656.4,319.0104,462,51.4,795.9926,796.92,1.1585,-0.599695829,-0.00116373,-0.176328866,0.176328866,-59.96958289,1,Extr,1,76,GRAMINOID,0.791288492
247,rhijn.nl,2017,Grassland,2,656.4,319.0104,462,51.4,795.9926,796.92,1.1585,-0.599695829,-0.00116373,-0.176328866,0.176328866,-59.96958289,1,Extr,1,76,GRAMINOID,0.791288492
248,rhijn.nl,2017,Grassland,10,656.4,319.0104,462,51.4,795.9926,796.92,1.1585,-0.599695829,-0.00116373,-0.176328866,0.176328866,-59.96958289,1,Extr,1,76,GRAMINOID,0.791288492
249,riomayo.ar,2017,Shrubland,2,118.8491379,40.01266379,358,66.33323178,142.6758621,155,0.2164,-0.741853782,-0.079510567,-0.233231368,0.233231368,-74.1853782,2,Extr,1,77,GRAMINOID,0.880878198
250,riomayo.ar,2017,Shrubland,6,118.8491379,40.01266379,358,66.33323178,142.6758621,155,0.2164,-0.741853782,-0.079510567,-0.233231368,0.233231368,-74.1853782,2,Extr,1,77,GRAMINOID,0.880878198
251,riomayo.ar,2017,Shrubland,10,118.8491379,40.01266379,358,66.33323178,142.6758621,155,0.2164,-0.741853782,-0.079510567,-0.233231368,0.233231368,-74.1853782,2,Extr,1,77,GRAMINOID,0.880878198
252,sclaudio.ar,2018,Grassland,1,1016.406452,827.4709677,176,18.58857582,951.8645161,950,0.7277,-0.128977929,0.001962649,0.069901528,0.069901528,-12.89779287,1,NotExtreme,0,79,GRAMINOID,1
253,sclaudio.ar,2018,Grassland,10,1016.406452,827.4709677,176,18.58857582,951.8645161,950,0.7277,-0.128977929,0.001962649,0.069901528,0.069901528,-12.89779287,1,NotExtreme,0,79,GRAMINOID,1
254,sclaudio.ar,2018,Grassland,4,1016.406452,827.4709677,176,18.58857582,951.8645161,950,0.7277,-0.128977929,0.001962649,0.069901528,0.069901528,-12.89779287,1,NotExtreme,0,79,GRAMINOID,1
255,sclaudio.ar,2018,Grassland,7,1016.406452,827.4709677,176,18.58857582,951.8645161,950,0.7277,-0.128977929,0.001962649,0.069901528,0.069901528,-12.89779287,1,NotExtreme,0,79,GRAMINOID,1
256,sedgwick.us,2016,Grassland,5,304,133.6,116,56.05263158,216.3,380,0.3967,-0.648421053,-0.430789474,-0.2,0.2,-64.84210526,1,Extr,1,80,GRAMINOID,0.843203824
257,sedgwick.us,2016,Grassland,6,304,133.6,116,56.05263158,216.3,380,0.3967,-0.648421053,-0.430789474,-0.2,0.2,-64.84210526,1,Extr,1,80,GRAMINOID,0.843203824
258,sedgwick.us,2016,Grassland,3,304,133.6,116,56.05263158,216.3,380,0.3967,-0.648421053,-0.430789474,-0.2,0.2,-64.84210526,1,Extr,1,80,GRAMINOID,0.843203824
259,sedgwick.us,2016,Grassland,9,304,133.6,116,56.05263158,216.3,380,0.3967,-0.648421053,-0.430789474,-0.2,0.2,-64.84210526,1,Extr,1,80,GRAMINOID,0.843203824
260,sedgwick.us,2016,Grassland,1,304,133.6,116,56.05263158,216.3,380,0.3967,-0.648421053,-0.430789474,-0.2,0.2,-64.84210526,1,Extr,1,80,GRAMINOID,0.843203824
261,sevblack.us,2019,Grassland,114,245.0000045,84.9148954,360,65.34085966,187.6595866,249,0.177,-0.658976324,-0.246347042,-0.016064239,0.016064239,-65.89763237,1,Extr,1,81,GRAMINOID,0.497022465
262,sevblack.us,2019,Grassland,112,245.0000045,84.9148954,360,65.34085966,187.6595866,249,0.177,-0.658976324,-0.246347042,-0.016064239,0.016064239,-65.89763237,1,Extr,1,81,GRAMINOID,0.497022465
263,sevblack.us,2019,Grassland,102,245.0000045,84.9148954,360,65.34085966,187.6595866,249,0.177,-0.658976324,-0.246347042,-0.016064239,0.016064239,-65.89763237,1,Extr,1,81,GRAMINOID,0.497022465
264,sevblack.us,2019,Grassland,104,245.0000045,84.9148954,360,65.34085966,187.6595866,249,0.177,-0.658976324,-0.246347042,-0.016064239,0.016064239,-65.89763237,1,Extr,1,81,GRAMINOID,0.497022465
265,sevblack.us,2019,Grassland,106,245.0000045,84.9148954,360,65.34085966,187.6595866,249,0.177,-0.658976324,-0.246347042,-0.016064239,0.016064239,-65.89763237,1,Extr,1,81,GRAMINOID,0.497022465
266,sevblack.us,2019,Grassland,108,245.0000045,84.9148954,360,65.34085966,187.6595866,249,0.177,-0.658976324,-0.246347042,-0.016064239,0.016064239,-65.89763237,1,Extr,1,81,GRAMINOID,0.497022465
267,sevblack.us,2019,Grassland,110,245.0000045,84.9148954,360,65.34085966,187.6595866,249,0.177,-0.658976324,-0.246347042,-0.016064239,0.016064239,-65.89763237,1,Extr,1,81,GRAMINOID,0.497022465
268,sevblue.us,2019,Grassland,110,229.6,78.064,365,66,186.1,255,0.1933,-0.693866667,-0.270196078,-0.099607843,0.099607843,-69.38666667,1,Extr,1,82,GRAMINOID,0.970426261
269,sevblue.us,2019,Grassland,112,229.6,78.064,365,66,186.1,255,0.1933,-0.693866667,-0.270196078,-0.099607843,0.099607843,-69.38666667,1,Extr,1,82,GRAMINOID,0.970426261
270,sevblue.us,2019,Grassland,114,229.6,78.064,365,66,186.1,255,0.1933,-0.693866667,-0.270196078,-0.099607843,0.099607843,-69.38666667,1,Extr,1,82,GRAMINOID,0.970426261
271,sevblue.us,2019,Grassland,108,229.6,78.064,365,66,186.1,255,0.1933,-0.693866667,-0.270196078,-0.099607843,0.099607843,-69.38666667,1,Extr,1,82,GRAMINOID,0.970426261
272,sevblue.us,2019,Grassland,106,229.6,78.064,365,66,186.1,255,0.1933,-0.693866667,-0.270196078,-0.099607843,0.099607843,-69.38666667,1,Extr,1,82,GRAMINOID,0.970426261
273,sevblue.us,2019,Grassland,102,229.6,78.064,365,66,186.1,255,0.1933,-0.693866667,-0.270196078,-0.099607843,0.099607843,-69.38666667,1,Extr,1,82,GRAMINOID,0.970426261
274,sevblue.us,2019,Grassland,104,229.6,78.064,365,66,186.1,255,0.1933,-0.693866667,-0.270196078,-0.099607843,0.099607843,-69.38666667,1,Extr,1,82,GRAMINOID,0.970426261
275,sevmixed.us,2019,Grassland,114,227.0836096,77.20842727,365,66,201.7435966,234,0.171,-0.670049456,-0.137847878,-0.029557224,0.029557224,-67.00494561,1,Extr,1,84,GRAMINOID,0.755763224
276,sevmixed.us,2019,Grassland,112,227.0836096,77.20842727,365,66,201.7435966,234,0.171,-0.670049456,-0.137847878,-0.029557224,0.029557224,-67.00494561,1,Extr,1,84,GRAMINOID,0.755763224
277,sevmixed.us,2019,Grassland,104,227.0836096,77.20842727,365,66,201.7435966,234,0.171,-0.670049456,-0.137847878,-0.029557224,0.029557224,-67.00494561,1,Extr,1,84,GRAMINOID,0.755763224
278,sevmixed.us,2019,Grassland,106,227.0836096,77.20842727,365,66,201.7435966,234,0.171,-0.670049456,-0.137847878,-0.029557224,0.029557224,-67.00494561,1,Extr,1,84,GRAMINOID,0.755763224
279,sevmixed.us,2019,Grassland,108,227.0836096,77.20842727,365,66,201.7435966,234,0.171,-0.670049456,-0.137847878,-0.029557224,0.029557224,-67.00494561,1,Extr,1,84,GRAMINOID,0.755763224
280,sevmixed.us,2019,Grassland,102,227.0836096,77.20842727,365,66,201.7435966,234,0.171,-0.670049456,-0.137847878,-0.029557224,0.029557224,-67.00494561,1,Extr,1,84,GRAMINOID,0.755763224
281,sevmixed.us,2019,Grassland,110,227.0836096,77.20842727,365,66,201.7435966,234,0.171,-0.670049456,-0.137847878,-0.029557224,0.029557224,-67.00494561,1,Extr,1,84,GRAMINOID,0.755763224
282,sgsdrt.us,2019,Grassland,4,319.3,108.562,439,66,262.82904,341,0.3209,-0.681636364,-0.229240352,-0.063636364,0.063636364,-68.16363636,1,Extr,1,85,GRAMINOID,0.821258575
283,sgsdrt.us,2019,Grassland,5,319.3,108.562,439,66,262.82904,341,0.3209,-0.681636364,-0.229240352,-0.063636364,0.063636364,-68.16363636,1,Extr,1,85,GRAMINOID,0.821258575
284,sgsdrt.us,2019,Grassland,6,319.3,108.562,439,66,262.82904,341,0.3209,-0.681636364,-0.229240352,-0.063636364,0.063636364,-68.16363636,1,Extr,1,85,GRAMINOID,0.821258575
285,sgsdrt.us,2019,Grassland,32,319.3,108.562,439,66,262.82904,341,0.3209,-0.681636364,-0.229240352,-0.063636364,0.063636364,-68.16363636,1,Extr,1,85,GRAMINOID,0.821258575
286,sgsdrt.us,2019,Grassland,33,319.3,108.562,439,66,262.82904,341,0.3209,-0.681636364,-0.229240352,-0.063636364,0.063636364,-68.16363636,1,Extr,1,85,GRAMINOID,0.821258575
287,sgsdrt.us,2019,Grassland,1,319.3,108.562,439,66,262.82904,341,0.3209,-0.681636364,-0.229240352,-0.063636364,0.063636364,-68.16363636,1,Extr,1,85,GRAMINOID,0.821258575
288,sgsdrt.us,2019,Grassland,2,319.3,108.562,439,66,262.82904,341,0.3209,-0.681636364,-0.229240352,-0.063636364,0.063636364,-68.16363636,1,Extr,1,85,GRAMINOID,0.821258575
289,sgsdrt.us,2019,Grassland,3,319.3,108.562,439,66,262.82904,341,0.3209,-0.681636364,-0.229240352,-0.063636364,0.063636364,-68.16363636,1,Extr,1,85,GRAMINOID,0.821258575
290,sgsdrt.us,2019,Grassland,37,319.3,108.562,439,66,262.82904,341,0.3209,-0.681636364,-0.229240352,-0.063636364,0.063636364,-68.16363636,1,Extr,1,85,GRAMINOID,0.821258575
291,sgsdrt.us,2019,Grassland,38,319.3,108.562,439,66,262.82904,341,0.3209,-0.681636364,-0.229240352,-0.063636364,0.063636364,-68.16363636,1,Extr,1,85,GRAMINOID,0.821258575
292,sgsdrt.us,2019,Grassland,39,319.3,108.562,439,66,262.82904,341,0.3209,-0.681636364,-0.229240352,-0.063636364,0.063636364,-68.16363636,1,Extr,1,85,GRAMINOID,0.821258575
293,sgsdrt.us,2019,Grassland,7,319.3,108.562,439,66,262.82904,341,0.3209,-0.681636364,-0.229240352,-0.063636364,0.063636364,-68.16363636,1,Extr,1,85,GRAMINOID,0.821258575
294,sgsdrt.us,2019,Grassland,8,319.3,108.562,439,66,262.82904,341,0.3209,-0.681636364,-0.229240352,-0.063636364,0.063636364,-68.16363636,1,Extr,1,85,GRAMINOID,0.821258575
295,sgsdrt.us,2019,Grassland,9,319.3,108.562,439,66,262.82904,341,0.3209,-0.681636364,-0.229240352,-0.063636364,0.063636364,-68.16363636,1,Extr,1,85,GRAMINOID,0.821258575
296,sgsdrt.us,2019,Grassland,10,319.3,108.562,439,66,262.82904,341,0.3209,-0.681636364,-0.229240352,-0.063636364,0.063636364,-68.16363636,1,Extr,1,85,GRAMINOID,0.821258575
297,sgsdrt.us,2019,Grassland,31,319.3,108.562,439,66,262.82904,341,0.3209,-0.681636364,-0.229240352,-0.063636364,0.063636364,-68.16363636,1,Extr,1,85,GRAMINOID,0.821258575
298,sgsdrt.us,2019,Grassland,36,319.3,108.562,439,66,262.82904,341,0.3209,-0.681636364,-0.229240352,-0.063636364,0.063636364,-68.16363636,1,Extr,1,85,GRAMINOID,0.821258575
299,sgsdrt.us,2019,Grassland,40,319.3,108.562,439,66,262.82904,341,0.3209,-0.681636364,-0.229240352,-0.063636364,0.063636364,-68.16363636,1,Extr,1,85,GRAMINOID,0.821258575
300,sgsdrt.us,2019,Grassland,34,319.3,108.562,439,66,262.82904,341,0.3209,-0.681636364,-0.229240352,-0.063636364,0.063636364,-68.16363636,1,Extr,1,85,GRAMINOID,0.821258575
301,sgsdrt.us,2019,Grassland,35,319.3,108.562,439,66,262.82904,341,0.3209,-0.681636364,-0.229240352,-0.063636364,0.063636364,-68.16363636,1,Extr,1,85,GRAMINOID,0.821258575
302,skotsvar.no,2018,Shrubland,7,998.2000146,399.2800058,466,60,2120.72,1766,4.9031,-0.773907131,0.200860702,-0.434767829,0.434767829,-77.39071315,2,Extr,1,87,GRAMINOID,0.028842705
303,skotsvar.no,2018,Shrubland,9,998.2000146,399.2800058,466,60,2120.72,1766,4.9031,-0.773907131,0.200860702,-0.434767829,0.434767829,-77.39071315,2,Extr,1,87,GRAMINOID,0.028842705
304,skotsvar.no,2018,Shrubland,1,998.2000146,399.2800058,466,60,2120.72,1766,4.9031,-0.773907131,0.200860702,-0.434767829,0.434767829,-77.39071315,2,Extr,1,87,GRAMINOID,0.028842705
305,skotsvar.no,2018,Shrubland,3,998.2000146,399.2800058,466,60,2120.72,1766,4.9031,-0.773907131,0.200860702,-0.434767829,0.434767829,-77.39071315,2,Extr,1,87,GRAMINOID,0.028842705
306,skotsvar.no,2018,Shrubland,5,998.2000146,399.2800058,466,60,2120.72,1766,4.9031,-0.773907131,0.200860702,-0.434767829,0.434767829,-77.39071315,2,Extr,1,87,GRAMINOID,0.028842705
307,skotsvar.no,2018,Shrubland,6,998.2000146,399.2800058,466,60,2120.72,1766,4.9031,-0.773907131,0.200860702,-0.434767829,0.434767829,-77.39071315,2,Extr,1,87,GRAMINOID,0.028842705
308,sonora.us,2018,Grassland,11,565.15,212.35162,246,62.42561798,495.046,567.9,0.3674,-0.626075682,-0.12828667,-0.004842402,0.004842402,-62.60756823,1,Extr,1,88,GRAMINOID,0.510485241
309,sonora.us,2018,Grassland,13,565.15,212.35162,246,62.42561798,495.046,567.9,0.3674,-0.626075682,-0.12828667,-0.004842402,0.004842402,-62.60756823,1,Extr,1,88,GRAMINOID,0.510485241
310,sonora.us,2018,Grassland,18,565.15,212.35162,246,62.42561798,495.046,567.9,0.3674,-0.626075682,-0.12828667,-0.004842402,0.004842402,-62.60756823,1,Extr,1,88,GRAMINOID,0.510485241
311,sonora.us,2018,Grassland,5,565.15,212.35162,246,62.42561798,495.046,567.9,0.3674,-0.626075682,-0.12828667,-0.004842402,0.004842402,-62.60756823,1,Extr,1,88,GRAMINOID,0.510485241
312,sonora.us,2018,Grassland,24,565.15,212.35162,246,62.42561798,495.046,567.9,0.3674,-0.626075682,-0.12828667,-0.004842402,0.004842402,-62.60756823,1,Extr,1,88,GRAMINOID,0.510485241
313,sonora.us,2018,Grassland,26,565.15,212.35162,246,62.42561798,495.046,567.9,0.3674,-0.626075682,-0.12828667,-0.004842402,0.004842402,-62.60756823,1,Extr,1,88,GRAMINOID,0.510485241
314,sonora.us,2018,Grassland,32,565.15,212.35162,246,62.42561798,495.046,567.9,0.3674,-0.626075682,-0.12828667,-0.004842402,0.004842402,-62.60756823,1,Extr,1,88,GRAMINOID,0.510485241
315,sonora.us,2018,Grassland,57,565.15,212.35162,246,62.42561798,495.046,567.9,0.3674,-0.626075682,-0.12828667,-0.004842402,0.004842402,-62.60756823,1,Extr,1,88,GRAMINOID,0.510485241
316,spvdrt.ar,2016,Grassland,3,247.087692,185.8846275,135,24.76977466,150.5903286,220.6,0.2058,-0.157367962,-0.317360251,0.120071133,0.120071133,-15.73679624,1,NotExtreme,0,89,GRAMINOID,0.756160563
317,spvdrt.ar,2016,Grassland,5,247.087692,185.8846275,135,24.76977466,150.5903286,220.6,0.2058,-0.157367962,-0.317360251,0.120071133,0.120071133,-15.73679624,1,NotExtreme,0,89,GRAMINOID,0.756160563
318,spvdrt.ar,2016,Grassland,1,247.087692,185.8846275,135,24.76977466,150.5903286,220.6,0.2058,-0.157367962,-0.317360251,0.120071133,0.120071133,-15.73679624,1,NotExtreme,0,89,GRAMINOID,0.756160563
319,syferkuil.za,2015,Grassland,5,421.51,244.1746,217,42.07145738,584.226815,478,0.6168,-0.489174477,0.222231831,-0.118179916,0.118179916,-48.9174477,1,Extr,1,91,GRAMINOID,0.956417649
320,syferkuil.za,2015,Grassland,6,421.51,244.1746,217,42.07145738,584.226815,478,0.6168,-0.489174477,0.222231831,-0.118179916,0.118179916,-48.9174477,1,Extr,1,91,GRAMINOID,0.956417649
321,syferkuil.za,2015,Grassland,8,421.51,244.1746,217,42.07145738,584.226815,478,0.6168,-0.489174477,0.222231831,-0.118179916,0.118179916,-48.9174477,1,Extr,1,91,GRAMINOID,0.956417649
322,syferkuil.za,2015,Grassland,7,421.51,244.1746,217,42.07145738,584.226815,478,0.6168,-0.489174477,0.222231831,-0.118179916,0.118179916,-48.9174477,1,Extr,1,91,GRAMINOID,0.956417649
323,torla.es,2016,Grassland,1,1759.933333,1561.305333,195,11.28610932,913.8,1405.357,1.671,0.110967059,-0.349773759,0.252303388,0.252303388,11.09670589,1,NotExtreme,0,94,GRAMINOID,0.301197973
324,torla.es,2016,Grassland,2,1759.933333,1561.305333,195,11.28610932,913.8,1405.357,1.671,0.110967059,-0.349773759,0.252303388,0.252303388,11.09670589,1,NotExtreme,0,94,GRAMINOID,0.301197973
325,torla.es,2016,Grassland,7,1759.933333,1561.305333,195,11.28610932,913.8,1405.357,1.671,0.110967059,-0.349773759,0.252303388,0.252303388,11.09670589,1,NotExtreme,0,94,GRAMINOID,0.301197973
326,torla.es,2016,Grassland,8,1759.933333,1561.305333,195,11.28610932,913.8,1405.357,1.671,0.110967059,-0.349773759,0.252303388,0.252303388,11.09670589,1,NotExtreme,0,94,GRAMINOID,0.301197973
327,torla.es,2016,Grassland,11,1759.933333,1561.305333,195,11.28610932,913.8,1405.357,1.671,0.110967059,-0.349773759,0.252303388,0.252303388,11.09670589,1,NotExtreme,0,94,GRAMINOID,0.301197973
328,torla.es,2016,Grassland,12,1759.933333,1561.305333,195,11.28610932,913.8,1405.357,1.671,0.110967059,-0.349773759,0.252303388,0.252303388,11.09670589,1,NotExtreme,0,94,GRAMINOID,0.301197973
329,ukulingadrt.za,2020,Grassland,5,644.598,362.599,210,43.74804141,693.6,732.6,0.6357,-0.50505187,-0.053235053,-0.12012285,0.12012285,-50.50518701,1,Extr,1,95,GRAMINOID,0.926321113
330,ukulingadrt.za,2020,Grassland,8,644.598,362.599,210,43.74804141,693.6,732.6,0.6357,-0.50505187,-0.053235053,-0.12012285,0.12012285,-50.50518701,1,Extr,1,95,GRAMINOID,0.926321113
331,ukulingadrt.za,2020,Grassland,3,644.598,362.599,210,43.74804141,693.6,732.6,0.6357,-0.50505187,-0.053235053,-0.12012285,0.12012285,-50.50518701,1,Extr,1,95,GRAMINOID,0.926321113
332,urat.cn,2018,Grassland,19,196.851909,110.5018196,237,43.86550774,152.762803,152,0.1638,-0.273014345,0.005018441,0.295078349,0.295078349,-27.30143447,1,NotExtreme,0,96,GRAMINOID,0.49414642
333,urat.cn,2018,Grassland,32,196.851909,110.5018196,237,43.86550774,152.762803,152,0.1638,-0.273014345,0.005018441,0.295078349,0.295078349,-27.30143447,1,NotExtreme,0,96,GRAMINOID,0.49414642
334,urat.cn,2018,Grassland,53,196.851909,110.5018196,237,43.86550774,152.762803,152,0.1638,-0.273014345,0.005018441,0.295078349,0.295078349,-27.30143447,1,NotExtreme,0,96,GRAMINOID,0.49414642
335,urat.cn,2018,Grassland,215,196.851909,110.5018196,237,43.86550774,152.762803,152,0.1638,-0.273014345,0.005018441,0.295078349,0.295078349,-27.30143447,1,NotExtreme,0,96,GRAMINOID,0.49414642
336,urat.cn,2018,Grassland,612,196.851909,110.5018196,237,43.86550774,152.762803,152,0.1638,-0.273014345,0.005018441,0.295078349,0.295078349,-27.30143447,1,NotExtreme,0,96,GRAMINOID,0.49414642
337,urat.cn,2018,Grassland,48,196.851909,110.5018196,237,43.86550774,152.762803,152,0.1638,-0.273014345,0.005018441,0.295078349,0.295078349,-27.30143447,1,NotExtreme,0,96,GRAMINOID,0.49414642
338,wytham.uk,2017,Grassland,6,591.494,477.868,335,19.21000044,758.1,743.6,0.9601,-0.357358795,0.019499731,-0.204553523,0.204553523,-35.73587951,1,Extr,1,98,GRAMINOID,0.607076203
339,wytham.uk,2017,Grassland,7,591.494,477.868,335,19.21000044,758.1,743.6,0.9601,-0.357358795,0.019499731,-0.204553523,0.204553523,-35.73587951,1,Extr,1,98,GRAMINOID,0.607076203
340,wytham.uk,2017,Grassland,8,591.494,477.868,335,19.21000044,758.1,743.6,0.9601,-0.357358795,0.019499731,-0.204553523,0.204553523,-35.73587951,1,Extr,1,98,GRAMINOID,0.607076203
341,wytham.uk,2017,Grassland,9,591.494,477.868,335,19.21000044,758.1,743.6,0.9601,-0.357358795,0.019499731,-0.204553523,0.204553523,-35.73587951,1,Extr,1,98,GRAMINOID,0.607076203
342,wytham.uk,2017,Grassland,10,591.494,477.868,335,19.21000044,758.1,743.6,0.9601,-0.357358795,0.019499731,-0.204553523,0.204553523,-35.73587951,1,Extr,1,98,GRAMINOID,0.607076203
343,xilin.cn,2018,Grassland,19,295,169.7,242,42.47457627,367.4,338,0.4604,-0.497928994,0.086982249,-0.127218935,0.127218935,-49.79289941,1,Extr,1,99,GRAMINOID,0.854202139
344,xilin.cn,2018,Grassland,32,295,169.7,242,42.47457627,367.4,338,0.4604,-0.497928994,0.086982249,-0.127218935,0.127218935,-49.79289941,1,Extr,1,99,GRAMINOID,0.854202139
345,xilin.cn,2018,Grassland,48,295,169.7,242,42.47457627,367.4,338,0.4604,-0.497928994,0.086982249,-0.127218935,0.127218935,-49.79289941,1,Extr,1,99,GRAMINOID,0.854202139
346,xilin.cn,2018,Grassland,53,295,169.7,242,42.47457627,367.4,338,0.4604,-0.497928994,0.086982249,-0.127218935,0.127218935,-49.79289941,1,Extr,1,99,GRAMINOID,0.854202139
347,xilin.cn,2018,Grassland,215,295,169.7,242,42.47457627,367.4,338,0.4604,-0.497928994,0.086982249,-0.127218935,0.127218935,-49.79289941,1,Extr,1,99,GRAMINOID,0.854202139
348,xilin.cn,2018,Grassland,612,295,169.7,242,42.47457627,367.4,338,0.4604,-0.497928994,0.086982249,-0.127218935,0.127218935,-49.79289941,1,Extr,1,99,GRAMINOID,0.854202139
349,yanchi.cn,2018,Grassland,19,460.5135108,273.7453733,227,40.55649468,314.7028237,337,0.3168,-0.187699189,-0.066163728,0.366508934,0.366508934,-18.7699189,1,NotExtreme,0,100,GRAMINOID,0.344938282
350,yanchi.cn,2018,Grassland,32,460.5135108,273.7453733,227,40.55649468,314.7028237,337,0.3168,-0.187699189,-0.066163728,0.366508934,0.366508934,-18.7699189,1,NotExtreme,0,100,GRAMINOID,0.344938282
351,yanchi.cn,2018,Grassland,48,460.5135108,273.7453733,227,40.55649468,314.7028237,337,0.3168,-0.187699189,-0.066163728,0.366508934,0.366508934,-18.7699189,1,NotExtreme,0,100,GRAMINOID,0.344938282
352,yanchi.cn,2018,Grassland,53,460.5135108,273.7453733,227,40.55649468,314.7028237,337,0.3168,-0.187699189,-0.066163728,0.366508934,0.366508934,-18.7699189,1,NotExtreme,0,100,GRAMINOID,0.344938282
353,yanchi.cn,2018,Grassland,215,460.5135108,273.7453733,227,40.55649468,314.7028237,337,0.3168,-0.187699189,-0.066163728,0.366508934,0.366508934,-18.7699189,1,NotExtreme,0,100,GRAMINOID,0.344938282
354,yanchi.cn,2018,Grassland,612,460.5135108,273.7453733,227,40.55649468,314.7028237,337,0.3168,-0.187699189,-0.066163728,0.366508934,0.366508934,-18.7699189,1,NotExtreme,0,100,GRAMINOID,0.344938282
355,yarradrt.au,2016,Grassland,12,1131,660.79,274,41.57471264,795.2,800,0.661,-0.1740125,-0.006,0.41375,0.41375,-17.40125,1,NotExtreme,0,101,GRAMINOID,0.957975343
356,yarradrt.au,2016,Grassland,14,1131,660.79,274,41.57471264,795.2,800,0.661,-0.1740125,-0.006,0.41375,0.41375,-17.40125,1,NotExtreme,0,101,GRAMINOID,0.957975343
357,yarradrt.au,2016,Grassland,27,1131,660.79,274,41.57471264,795.2,800,0.661,-0.1740125,-0.006,0.41375,0.41375,-17.40125,1,NotExtreme,0,101,GRAMINOID,0.957975343
358,yarradrt.au,2016,Grassland,38,1131,660.79,274,41.57471264,795.2,800,0.661,-0.1740125,-0.006,0.41375,0.41375,-17.40125,1,NotExtreme,0,101,GRAMINOID,0.957975343
359,youyu.cn,2018,Grassland,1,552.6393715,334.9778654,235,39.38581239,526.748403,390,0.4621,-0.141082396,0.350636931,0.417024029,0.417024029,-14.10823964,1,NotExtreme,0,102,GRAMINOID,0.745157333
360,youyu.cn,2018,Grassland,21,552.6393715,334.9778654,235,39.38581239,526.748403,390,0.4621,-0.141082396,0.350636931,0.417024029,0.417024029,-14.10823964,1,NotExtreme,0,102,GRAMINOID,0.745157333
361,youyu.cn,2018,Grassland,45,552.6393715,334.9778654,235,39.38581239,526.748403,390,0.4621,-0.141082396,0.350636931,0.417024029,0.417024029,-14.10823964,1,NotExtreme,0,102,GRAMINOID,0.745157333
362,youyu.cn,2018,Grassland,57,552.6393715,334.9778654,235,39.38581239,526.748403,390,0.4621,-0.141082396,0.350636931,0.417024029,0.417024029,-14.10823964,1,NotExtreme,0,102,GRAMINOID,0.745157333
363,youyu.cn,2018,Grassland,62,552.6393715,334.9778654,235,39.38581239,526.748403,390,0.4621,-0.141082396,0.350636931,0.417024029,0.417024029,-14.10823964,1,NotExtreme,0,102,GRAMINOID,0.745157333
364,youyu.cn,2018,Grassland,76,552.6393715,334.9778654,235,39.38581239,526.748403,390,0.4621,-0.141082396,0.350636931,0.417024029,0.417024029,-14.10823964,1,NotExtreme,0,102,GRAMINOID,0.745157333
