,site_code,precip,year,habitat.type,plot,ppt_ambient,ppt_drought,n_treat_days,perc_reduction,ppt_drought730,AI,drtpct_map,drtpct_map730,amb_pct,amb_abspct,drtpct_map100,habitat.num,Extreme,Extreme.num,DS3,Eco.Extr
1,allmendb.ch,957,2016,Grassland,1,1080.433333,829.1373333,197,23.25881591,977.2,1.1799,-0.133607802,0.021107628,0.128979449,0.128979449,-13.36078022,1,NotExtreme,0,0.063731965,Grassland_NotExtreme
2,allmendb.ch,957,2016,Grassland,4,1080.433333,829.1373333,197,23.25881591,977.2,1.1799,-0.133607802,0.021107628,0.128979449,0.128979449,-13.36078022,1,NotExtreme,0,-0.065349838,Grassland_NotExtreme
3,allmendb.ch,957,2016,Grassland,5,1080.433333,829.1373333,197,23.25881591,977.2,1.1799,-0.133607802,0.021107628,0.128979449,0.128979449,-13.36078022,1,NotExtreme,0,-0.081277201,Grassland_NotExtreme
4,allmendo.ch,957,2016,Grassland,2,1080.433333,821.2843333,197,23.9856539,977.2,1.1799,-0.141813654,0.021107628,0.128979449,0.128979449,-14.18136538,1,NotExtreme,0,0.135523981,Grassland_NotExtreme
5,allmendo.ch,957,2016,Grassland,4,1080.433333,821.2843333,197,23.9856539,977.2,1.1799,-0.141813654,0.021107628,0.128979449,0.128979449,-14.18136538,1,NotExtreme,0,0.280810949,Grassland_NotExtreme
6,allmendo.ch,957,2016,Grassland,6,1080.433333,821.2843333,197,23.9856539,977.2,1.1799,-0.141813654,0.021107628,0.128979449,0.128979449,-14.18136538,1,NotExtreme,0,0.534935563,Grassland_NotExtreme
7,antelope.us,215,2016,Grassland,3,349.1653437,237.7044032,123,31.92210868,310.3287454,0.2005,0.105601875,0.443389513,0.624024854,0.624024854,10.56018753,1,NotExtreme,0,-0.221087265,Grassland_NotExtreme
8,antelope.us,215,2016,Grassland,4,349.1653437,237.7044032,123,31.92210868,310.3287454,0.2005,0.105601875,0.443389513,0.624024854,0.624024854,10.56018753,1,NotExtreme,0,-0.359202449,Grassland_NotExtreme
9,antelope.us,215,2016,Grassland,5,349.1653437,237.7044032,123,31.92210868,310.3287454,0.2005,0.105601875,0.443389513,0.624024854,0.624024854,10.56018753,1,NotExtreme,0,-0.459133537,Grassland_NotExtreme
10,antelope.us,215,2016,Grassland,6,349.1653437,237.7044032,123,31.92210868,310.3287454,0.2005,0.105601875,0.443389513,0.624024854,0.624024854,10.56018753,1,NotExtreme,0,-0.628193548,Grassland_NotExtreme
11,antelope.us,215,2016,Grassland,11,349.1653437,237.7044032,123,31.92210868,310.3287454,0.2005,0.105601875,0.443389513,0.624024854,0.624024854,10.56018753,1,NotExtreme,0,-0.586447022,Grassland_NotExtreme
12,antelope.us,215,2016,Grassland,12,349.1653437,237.7044032,123,31.92210868,310.3287454,0.2005,0.105601875,0.443389513,0.624024854,0.624024854,10.56018753,1,NotExtreme,0,-0.649738233,Grassland_NotExtreme
13,antelope.us,215,2016,Grassland,15,349.1653437,237.7044032,123,31.92210868,310.3287454,0.2005,0.105601875,0.443389513,0.624024854,0.624024854,10.56018753,1,NotExtreme,0,-0.561033669,Grassland_NotExtreme
14,antelope.us,215,2016,Grassland,16,349.1653437,237.7044032,123,31.92210868,310.3287454,0.2005,0.105601875,0.443389513,0.624024854,0.624024854,10.56018753,1,NotExtreme,0,-0.464212055,Grassland_NotExtreme
15,ayora.es,381.3,2017,Shrubland,1,387.3,151.83385,269,60.79683708,309.2,0.4895,-0.601799502,-0.189089955,0.015735641,0.015735641,-60.17995017,2,NotExtreme,0,0.379145616,Shrubland_NotExtreme
16,ayora.es,381.3,2017,Shrubland,8,387.3,151.83385,269,60.79683708,309.2,0.4895,-0.601799502,-0.189089955,0.015735641,0.015735641,-60.17995017,2,NotExtreme,0,0.366100883,Shrubland_NotExtreme
17,ayora.es,381.3,2017,Shrubland,10,387.3,151.83385,269,60.79683708,309.2,0.4895,-0.601799502,-0.189089955,0.015735641,0.015735641,-60.17995017,2,NotExtreme,0,0.554791724,Shrubland_NotExtreme
18,baddrt.de,488.6,2016,Grassland,3,423.6,275.98,201,34.84891407,372.8,0.6662,-0.435161686,-0.237003684,-0.133033156,0.133033156,-43.51616865,1,Extr,1,-0.530308779,Grassland_Extr
19,baddrt.de,488.6,2016,Grassland,10,423.6,275.98,201,34.84891407,372.8,0.6662,-0.435161686,-0.237003684,-0.133033156,0.133033156,-43.51616865,1,Extr,1,0.151157756,Grassland_Extr
20,baddrt.de,488.6,2016,Grassland,13,423.6,275.98,201,34.84891407,372.8,0.6662,-0.435161686,-0.237003684,-0.133033156,0.133033156,-43.51616865,1,Extr,1,0.443503765,Grassland_Extr
21,baddrt.de,488.6,2016,Grassland,19,423.6,275.98,201,34.84891407,372.8,0.6662,-0.435161686,-0.237003684,-0.133033156,0.133033156,-43.51616865,1,Extr,1,-0.554813316,Grassland_Extr
22,baddrt.de,488.6,2016,Grassland,21,423.6,275.98,201,34.84891407,372.8,0.6662,-0.435161686,-0.237003684,-0.133033156,0.133033156,-43.51616865,1,Extr,1,-0.402666463,Grassland_Extr
23,bange.cn,428,2018,Grassland,19,440.5445924,299.7732002,221,31.95394849,353.2357898,0.4458,-0.299595327,-0.174682734,0.029309795,0.029309795,-29.95953266,1,NotExtreme,0,-0.114605656,Grassland_NotExtreme
24,bange.cn,428,2018,Grassland,32,440.5445924,299.7732002,221,31.95394849,353.2357898,0.4458,-0.299595327,-0.174682734,0.029309795,0.029309795,-29.95953266,1,NotExtreme,0,-0.052344888,Grassland_NotExtreme
25,bange.cn,428,2018,Grassland,48,440.5445924,299.7732002,221,31.95394849,353.2357898,0.4458,-0.299595327,-0.174682734,0.029309795,0.029309795,-29.95953266,1,NotExtreme,0,-0.186738969,Grassland_NotExtreme
26,bange.cn,428,2018,Grassland,53,440.5445924,299.7732002,221,31.95394849,353.2357898,0.4458,-0.299595327,-0.174682734,0.029309795,0.029309795,-29.95953266,1,NotExtreme,0,0.303625583,Grassland_NotExtreme
27,bange.cn,428,2018,Grassland,215,440.5445924,299.7732002,221,31.95394849,353.2357898,0.4458,-0.299595327,-0.174682734,0.029309795,0.029309795,-29.95953266,1,NotExtreme,0,0.680496892,Grassland_NotExtreme
28,bange.cn,428,2018,Grassland,612,440.5445924,299.7732002,221,31.95394849,353.2357898,0.4458,-0.299595327,-0.174682734,0.029309795,0.029309795,-29.95953266,1,NotExtreme,0,0.191902373,Grassland_NotExtreme
29,bayrdrt.de,724,2016,Grassland,6,695.7,417.42,417,40,493.3799984,0.8438,-0.423453039,-0.318535914,-0.039088398,0.039088398,-42.34530387,1,Extr,1,-0.107059229,Grassland_Extr
30,bayrdrt.de,724,2016,Grassland,7,695.7,417.42,417,40,493.3799984,0.8438,-0.423453039,-0.318535914,-0.039088398,0.039088398,-42.34530387,1,Extr,1,0.047704747,Grassland_Extr
31,bayrdrt.de,724,2016,Grassland,8,695.7,417.42,417,40,493.3799984,0.8438,-0.423453039,-0.318535914,-0.039088398,0.039088398,-42.34530387,1,Extr,1,-0.538488579,Grassland_Extr
32,bayrdrt.de,724,2016,Grassland,9,695.7,417.42,417,40,493.3799984,0.8438,-0.423453039,-0.318535914,-0.039088398,0.039088398,-42.34530387,1,Extr,1,-0.33972164,Grassland_Extr
33,bayrdrt.de,724,2016,Grassland,10,695.7,417.42,417,40,493.3799984,0.8438,-0.423453039,-0.318535914,-0.039088398,0.039088398,-42.34530387,1,Extr,1,-0.313547005,Grassland_Extr
34,bfl.us,860.5334792,2017,Grassland,2300,856.5,464.25,349,45.79684764,1222.6,0.5493,-0.460509078,0.420746583,-0.004687185,0.004687185,-46.05090781,1,Extr,1,-0.533395093,Grassland_Extr
35,bfl.us,860.5334792,2017,Grassland,2451,856.5,464.25,349,45.79684764,1222.6,0.5493,-0.460509078,0.420746583,-0.004687185,0.004687185,-46.05090781,1,Extr,1,-0.09233904,Grassland_Extr
36,bfl.us,860.5334792,2017,Grassland,2459,856.5,464.25,349,45.79684764,1222.6,0.5493,-0.460509078,0.420746583,-0.004687185,0.004687185,-46.05090781,1,Extr,1,0.452178323,Grassland_Extr
37,biddulph.ca,353.7,2017,Grassland,1,413.9,263.8,453,36.26479826,366.1125,0.4532,-0.254170201,0.035093299,0.170200735,0.170200735,-25.41702007,1,NotExtreme,0,-0.850954172,Grassland_NotExtreme
38,biddulph.ca,353.7,2017,Grassland,5,413.9,263.8,453,36.26479826,366.1125,0.4532,-0.254170201,0.035093299,0.170200735,0.170200735,-25.41702007,1,NotExtreme,0,-1.531362327,Grassland_NotExtreme
39,biddulph.ca,353.7,2017,Grassland,6,413.9,263.8,453,36.26479826,366.1125,0.4532,-0.254170201,0.035093299,0.170200735,0.170200735,-25.41702007,1,NotExtreme,0,0.098126383,Grassland_NotExtreme
40,bldrdrt.us,487.7,2019,Grassland,1,485.67,292.53948,448,39.76579159,435.62524,0.3879,-0.400165101,-0.106776215,-0.004162395,0.004162395,-40.01651015,1,Extr,1,-0.104743734,Grassland_Extr
41,bldrdrt.us,487.7,2019,Grassland,3,485.67,292.53948,448,39.76579159,435.62524,0.3879,-0.400165101,-0.106776215,-0.004162395,0.004162395,-40.01651015,1,Extr,1,-0.923128798,Grassland_Extr
42,bldrdrt.us,487.7,2019,Grassland,6,485.67,292.53948,448,39.76579159,435.62524,0.3879,-0.400165101,-0.106776215,-0.004162395,0.004162395,-40.01651015,1,Extr,1,-0.782317741,Grassland_Extr
43,bldrdrt.us,487.7,2019,Grassland,7,485.67,292.53948,448,39.76579159,435.62524,0.3879,-0.400165101,-0.106776215,-0.004162395,0.004162395,-40.01651015,1,Extr,1,-0.39317347,Grassland_Extr
44,bldrdrt.us,487.7,2019,Grassland,10,485.67,292.53948,448,39.76579159,435.62524,0.3879,-0.400165101,-0.106776215,-0.004162395,0.004162395,-40.01651015,1,Extr,1,-0.004553512,Grassland_Extr
45,bldrdrt.us,487.7,2019,Grassland,11,485.67,292.53948,448,39.76579159,435.62524,0.3879,-0.400165101,-0.106776215,-0.004162395,0.004162395,-40.01651015,1,Extr,1,-0.380538593,Grassland_Extr
46,brokenh.au,283,2017,Grassland,4,123.2,43.12,383,65,354.85,0.1876,-0.847632509,0.253886926,-0.564664311,0.564664311,-84.76325088,1,Extr,1,-1.665262881,Grassland_Extr
47,brokenh.au,283,2017,Grassland,6,123.2,43.12,383,65,354.85,0.1876,-0.847632509,0.253886926,-0.564664311,0.564664311,-84.76325088,1,Extr,1,-1.665262881,Grassland_Extr
48,brookdale.ca,474.2,2018,Grassland,1,348.3870968,236.9032258,470,32,489.6652903,0.6085,-0.50041496,0.032613434,-0.265316118,0.265316118,-50.04149604,1,Extr,1,-0.312719407,Grassland_Extr
49,brookdale.ca,474.2,2018,Grassland,2,348.3870968,236.9032258,470,32,489.6652903,0.6085,-0.50041496,0.032613434,-0.265316118,0.265316118,-50.04149604,1,Extr,1,0.017891204,Grassland_Extr
50,brookdale.ca,474.2,2018,Grassland,3,348.3870968,236.9032258,470,32,489.6652903,0.6085,-0.50041496,0.032613434,-0.265316118,0.265316118,-50.04149604,1,Extr,1,0.100201622,Grassland_Extr
51,brookdale.ca,474.2,2018,Grassland,4,348.3870968,236.9032258,470,32,489.6652903,0.6085,-0.50041496,0.032613434,-0.265316118,0.265316118,-50.04149604,1,Extr,1,0.026576048,Grassland_Extr
52,brookdale.ca,474.2,2018,Grassland,5,348.3870968,236.9032258,470,32,489.6652903,0.6085,-0.50041496,0.032613434,-0.265316118,0.265316118,-50.04149604,1,Extr,1,0.10130149,Grassland_Extr
53,capmcd.us,204,2020,Shrubland,1,264.4,89.896,376,66,294.134,0.1872,-0.559333333,0.441833333,0.296078431,0.296078431,-55.93333333,2,NotExtreme,0,0.14082845,Shrubland_NotExtreme
54,capmcd.us,204,2020,Shrubland,3,264.4,89.896,376,66,294.134,0.1872,-0.559333333,0.441833333,0.296078431,0.296078431,-55.93333333,2,NotExtreme,0,0.534233368,Shrubland_NotExtreme
55,capmcd.us,204,2020,Shrubland,5,264.4,89.896,376,66,294.134,0.1872,-0.559333333,0.441833333,0.296078431,0.296078431,-55.93333333,2,NotExtreme,0,0.03754615,Shrubland_NotExtreme
56,capmcd.us,204,2020,Shrubland,8,264.4,89.896,376,66,294.134,0.1872,-0.559333333,0.441833333,0.296078431,0.296078431,-55.93333333,2,NotExtreme,0,-0.573369524,Shrubland_NotExtreme
57,capmcd.us,204,2020,Shrubland,9,264.4,89.896,376,66,294.134,0.1872,-0.559333333,0.441833333,0.296078431,0.296078431,-55.93333333,2,NotExtreme,0,0.190632473,Shrubland_NotExtreme
58,capmcd.us,204,2020,Shrubland,12,264.4,89.896,376,66,294.134,0.1872,-0.559333333,0.441833333,0.296078431,0.296078431,-55.93333333,2,NotExtreme,0,0.07259431,Shrubland_NotExtreme
59,capmcd.us,204,2020,Shrubland,13,264.4,89.896,376,66,294.134,0.1872,-0.559333333,0.441833333,0.296078431,0.296078431,-55.93333333,2,NotExtreme,0,0.165040809,Shrubland_NotExtreme
60,capwhite.us,204,2020,Shrubland,1,344.7,117.198,373,66,253.59,0.1309,-0.4255,0.243088235,0.689705882,0.689705882,-42.55,2,NotExtreme,0,-0.217769908,Shrubland_NotExtreme
61,capwhite.us,204,2020,Shrubland,3,344.7,117.198,373,66,253.59,0.1309,-0.4255,0.243088235,0.689705882,0.689705882,-42.55,2,NotExtreme,0,-1.328378121,Shrubland_NotExtreme
62,capwhite.us,204,2020,Shrubland,5,344.7,117.198,373,66,253.59,0.1309,-0.4255,0.243088235,0.689705882,0.689705882,-42.55,2,NotExtreme,0,-1.003023741,Shrubland_NotExtreme
63,capwhite.us,204,2020,Shrubland,8,344.7,117.198,373,66,253.59,0.1309,-0.4255,0.243088235,0.689705882,0.689705882,-42.55,2,NotExtreme,0,-0.455640372,Shrubland_NotExtreme
64,capwhite.us,204,2020,Shrubland,11,344.7,117.198,373,66,253.59,0.1309,-0.4255,0.243088235,0.689705882,0.689705882,-42.55,2,NotExtreme,0,-2.110517395,Shrubland_NotExtreme
65,capwhite.us,204,2020,Shrubland,13,344.7,117.198,373,66,253.59,0.1309,-0.4255,0.243088235,0.689705882,0.689705882,-42.55,2,NotExtreme,0,-1.964704687,Shrubland_NotExtreme
66,capwhite.us,204,2020,Shrubland,14,344.7,117.198,373,66,253.59,0.1309,-0.4255,0.243088235,0.689705882,0.689705882,-42.55,2,NotExtreme,0,-3.000664009,Shrubland_NotExtreme
67,cedarsav.us,682,2017,Grassland,3,842.518,675.08374,116,19.87307808,847.09,0.84,-0.010141144,0.242067449,0.235363636,0.235363636,-1.01411437,1,NotExtreme,0,-0.369079562,Grassland_NotExtreme
68,cedarsav.us,682,2017,Grassland,7,842.518,675.08374,116,19.87307808,847.09,0.84,-0.010141144,0.242067449,0.235363636,0.235363636,-1.01411437,1,NotExtreme,0,-0.365738801,Grassland_NotExtreme
69,cedarsav.us,682,2017,Grassland,15,842.518,675.08374,116,19.87307808,847.09,0.84,-0.010141144,0.242067449,0.235363636,0.235363636,-1.01411437,1,NotExtreme,0,0.175524907,Grassland_NotExtreme
70,cedarsav.us,682,2017,Grassland,21,842.518,675.08374,116,19.87307808,847.09,0.84,-0.010141144,0.242067449,0.235363636,0.235363636,-1.01411437,1,NotExtreme,0,-0.813207814,Grassland_NotExtreme
71,cedarsav.us,682,2017,Grassland,28,842.518,675.08374,116,19.87307808,847.09,0.84,-0.010141144,0.242067449,0.235363636,0.235363636,-1.01411437,1,NotExtreme,0,-0.341032631,Grassland_NotExtreme
72,cedartrait.us,682,2017,Grassland,4,758.952,570.76594,153,24.79551539,888.238,0.8372,-0.163099795,0.30240176,0.112832845,0.112832845,-16.30997947,1,NotExtreme,0,-0.569661012,Grassland_NotExtreme
73,cedartrait.us,682,2017,Grassland,8,758.952,570.76594,153,24.79551539,888.238,0.8372,-0.163099795,0.30240176,0.112832845,0.112832845,-16.30997947,1,NotExtreme,0,-0.848648299,Grassland_NotExtreme
74,cedartrait.us,682,2017,Grassland,11,758.952,570.76594,153,24.79551539,888.238,0.8372,-0.163099795,0.30240176,0.112832845,0.112832845,-16.30997947,1,NotExtreme,0,-1.029619417,Grassland_NotExtreme
75,cedartrait.us,682,2017,Grassland,24,758.952,570.76594,153,24.79551539,888.238,0.8372,-0.163099795,0.30240176,0.112832845,0.112832845,-16.30997947,1,NotExtreme,0,-0.174687382,Grassland_NotExtreme
76,cedartrait.us,682,2017,Grassland,31,758.952,570.76594,153,24.79551539,888.238,0.8372,-0.163099795,0.30240176,0.112832845,0.112832845,-16.30997947,1,NotExtreme,0,0.384374781,Grassland_NotExtreme
77,cerrillos.ar,390,2016,Shrubland,4,331.8225806,176.1935484,224,46.90127837,545.164404,0.2468,-0.548221671,0.397857446,-0.14917287,0.14917287,-54.82216708,2,Extr,1,-0.221364191,Shrubland_Extr
78,cerrillos.ar,390,2016,Shrubland,5,331.8225806,176.1935484,224,46.90127837,545.164404,0.2468,-0.548221671,0.397857446,-0.14917287,0.14917287,-54.82216708,2,Extr,1,-0.901266145,Shrubland_Extr
79,cerrillos.ar,390,2016,Shrubland,6,331.8225806,176.1935484,224,46.90127837,545.164404,0.2468,-0.548221671,0.397857446,-0.14917287,0.14917287,-54.82216708,2,Extr,1,-0.607026672,Shrubland_Extr
80,chacra.ar,400,2016,Shrubland,4,513.7333333,352.6683908,279,31.35185749,442.595894,0.2811,-0.118329023,0.106489735,0.284333333,0.284333333,-11.8329023,2,NotExtreme,0,-0.073152917,Shrubland_NotExtreme
81,chacra.ar,400,2016,Shrubland,5,513.7333333,352.6683908,279,31.35185749,442.595894,0.2811,-0.118329023,0.106489735,0.284333333,0.284333333,-11.8329023,2,NotExtreme,0,0.137455308,Shrubland_NotExtreme
82,chacra.ar,400,2016,Shrubland,6,513.7333333,352.6683908,279,31.35185749,442.595894,0.2811,-0.118329023,0.106489735,0.284333333,0.284333333,-11.8329023,2,NotExtreme,0,-0.387339771,Shrubland_NotExtreme
83,chang.cn,444.9,2017,Grassland,2,577,218.74,482,62.09012132,238.0598416,0.5,-0.508338953,-0.46491382,0.296920656,0.296920656,-50.83389526,1,NotExtreme,0,-1.014309326,Grassland_NotExtreme
84,chang.cn,444.9,2017,Grassland,5,577,218.74,482,62.09012132,238.0598416,0.5,-0.508338953,-0.46491382,0.296920656,0.296920656,-50.83389526,1,NotExtreme,0,-0.521302618,Grassland_NotExtreme
85,chang.cn,444.9,2017,Grassland,11,577,218.74,482,62.09012132,238.0598416,0.5,-0.508338953,-0.46491382,0.296920656,0.296920656,-50.83389526,1,NotExtreme,0,-1.119935058,Grassland_NotExtreme
86,chang.cn,444.9,2017,Grassland,15,577,218.74,482,62.09012132,238.0598416,0.5,-0.508338953,-0.46491382,0.296920656,0.296920656,-50.83389526,1,NotExtreme,0,-0.660263132,Grassland_NotExtreme
87,charleville.au,451,2017,Grassland,2,164.6,57.61,387,65,635.1974194,0.2906,-0.872261641,0.408419999,-0.635033259,0.635033259,-87.22616408,1,Extr,1,2.84037126748363e-09,Grassland_Extr
88,charleville.au,451,2017,Grassland,4,164.6,57.61,387,65,635.1974194,0.2906,-0.872261641,0.408419999,-0.635033259,0.635033259,-87.22616408,1,Extr,1,0,Grassland_Extr
89,charleville.au,451,2017,Grassland,6,164.6,57.61,387,65,635.1974194,0.2906,-0.872261641,0.408419999,-0.635033259,0.635033259,-87.22616408,1,Extr,1,-0.693147181,Grassland_Extr
90,chilcasdrt.ar,950,2017,Grassland,51,823.0258065,411.5129032,368,50,939.2758065,0.7323,-0.566828523,-0.011288625,-0.133657046,0.133657046,-56.68285229,1,Extr,1,-0.238592327,Grassland_Extr
91,chilcasdrt.ar,950,2017,Grassland,52,823.0258065,411.5129032,368,50,939.2758065,0.7323,-0.566828523,-0.011288625,-0.133657046,0.133657046,-56.68285229,1,Extr,1,-0.233486429,Grassland_Extr
92,chilcasdrt.ar,950,2017,Grassland,55,823.0258065,411.5129032,368,50,939.2758065,0.7323,-0.566828523,-0.011288625,-0.133657046,0.133657046,-56.68285229,1,Extr,1,-0.469366048,Grassland_Extr
93,ciempoz.es,363.6,2016,Shrubland,2,366.8,220.72,236,39.82551799,333.6,0.3751,-0.392959296,-0.082508251,0.00880088,0.00880088,-39.29592959,2,Extr,1,0.247990554,Shrubland_Extr
94,ciempoz.es,363.6,2016,Shrubland,3,366.8,220.72,236,39.82551799,333.6,0.3751,-0.392959296,-0.082508251,0.00880088,0.00880088,-39.29592959,2,Extr,1,0.854741617,Shrubland_Extr
95,ciempoz.es,363.6,2016,Shrubland,6,366.8,220.72,236,39.82551799,333.6,0.3751,-0.392959296,-0.082508251,0.00880088,0.00880088,-39.29592959,2,Extr,1,-1.153997363,Shrubland_Extr
96,ciempoz.es,363.6,2016,Shrubland,7,366.8,220.72,236,39.82551799,333.6,0.3751,-0.392959296,-0.082508251,0.00880088,0.00880088,-39.29592959,2,Extr,1,-0.021400132,Shrubland_Extr
97,ciempoz.es,363.6,2016,Shrubland,9,366.8,220.72,236,39.82551799,333.6,0.3751,-0.392959296,-0.082508251,0.00880088,0.00880088,-39.29592959,2,Extr,1,0.351675424,Shrubland_Extr
98,ciempoz.es,363.6,2016,Shrubland,12,366.8,220.72,236,39.82551799,333.6,0.3751,-0.392959296,-0.082508251,0.00880088,0.00880088,-39.29592959,2,Extr,1,0.135210319,Shrubland_Extr
99,ciempoz.es,363.6,2016,Shrubland,14,366.8,220.72,236,39.82551799,333.6,0.3751,-0.392959296,-0.082508251,0.00880088,0.00880088,-39.29592959,2,Extr,1,1.031640793,Shrubland_Extr
100,cobar.au,354,2017,Grassland,2,245,85.75,382,65,520.7789247,0.2438,-0.757768362,0.471126906,-0.307909605,0.307909605,-75.77683616,1,Extr,1,-1.4176219,Grassland_Extr
101,cobar.au,354,2017,Grassland,4,245,85.75,382,65,520.7789247,0.2438,-0.757768362,0.471126906,-0.307909605,0.307909605,-75.77683616,1,Extr,1,-1.411657554,Grassland_Extr
102,cobar.au,354,2017,Grassland,6,245,85.75,382,65,520.7789247,0.2438,-0.757768362,0.471126906,-0.307909605,0.307909605,-75.77683616,1,Extr,1,0.285655715,Grassland_Extr
103,cowidrt.ca,1134,2016,Grassland,5,1146.833333,623.5333333,253,45.62999564,1054.282796,1.5498,-0.450146972,-0.070297358,0.011316872,0.011316872,-45.01469724,1,NotExtreme,0,-1.145514124,Grassland_NotExtreme
104,cowidrt.ca,1134,2016,Grassland,7,1146.833333,623.5333333,253,45.62999564,1054.282796,1.5498,-0.450146972,-0.070297358,0.011316872,0.011316872,-45.01469724,1,NotExtreme,0,0.225205341,Grassland_NotExtreme
105,cowidrt.ca,1134,2016,Grassland,10,1146.833333,623.5333333,253,45.62999564,1054.282796,1.5498,-0.450146972,-0.070297358,0.011316872,0.011316872,-45.01469724,1,NotExtreme,0,-0.238418544,Grassland_NotExtreme
106,cowidrt.ca,1134,2016,Grassland,14,1146.833333,623.5333333,253,45.62999564,1054.282796,1.5498,-0.450146972,-0.070297358,0.011316872,0.011316872,-45.01469724,1,NotExtreme,0,0.080498838,Grassland_NotExtreme
107,cowidrt.ca,1134,2016,Grassland,15,1146.833333,623.5333333,253,45.62999564,1054.282796,1.5498,-0.450146972,-0.070297358,0.011316872,0.011316872,-45.01469724,1,NotExtreme,0,-0.794318646,Grassland_NotExtreme
108,credoj.au,259.6,2016,Shrubland,11,319.5406224,136.4743298,342,57.29046004,269.4164007,0.172,-0.474289947,0.037813562,0.23089608,0.23089608,-47.42899468,2,NotExtreme,0,-0.435015053,Shrubland_NotExtreme
109,credoj.au,259.6,2016,Shrubland,13,319.5406224,136.4743298,342,57.29046004,269.4164007,0.172,-0.474289947,0.037813562,0.23089608,0.23089608,-47.42899468,2,NotExtreme,0,-0.452080903,Shrubland_NotExtreme
110,credoj.au,259.6,2016,Shrubland,15,319.5406224,136.4743298,342,57.29046004,269.4164007,0.172,-0.474289947,0.037813562,0.23089608,0.23089608,-47.42899468,2,NotExtreme,0,-0.120261941,Shrubland_NotExtreme
111,credoj.au,259.6,2016,Shrubland,18,319.5406224,136.4743298,342,57.29046004,269.4164007,0.172,-0.474289947,0.037813562,0.23089608,0.23089608,-47.42899468,2,NotExtreme,0,-0.101705708,Shrubland_NotExtreme
112,credoj.au,259.6,2016,Shrubland,19,319.5406224,136.4743298,342,57.29046004,269.4164007,0.172,-0.474289947,0.037813562,0.23089608,0.23089608,-47.42899468,2,NotExtreme,0,-1.126847309,Shrubland_NotExtreme
113,credom.au,259.6,2016,Shrubland,3,319.5406224,136.4743298,342,57.29046004,269.4164007,0.172,-0.474289947,0.037813562,0.23089608,0.23089608,-47.42899468,2,NotExtreme,0,-0.227861604,Shrubland_NotExtreme
114,credom.au,259.6,2016,Shrubland,4,319.5406224,136.4743298,342,57.29046004,269.4164007,0.172,-0.474289947,0.037813562,0.23089608,0.23089608,-47.42899468,2,NotExtreme,0,-0.25448625,Shrubland_NotExtreme
115,credom.au,259.6,2016,Shrubland,5,319.5406224,136.4743298,342,57.29046004,269.4164007,0.172,-0.474289947,0.037813562,0.23089608,0.23089608,-47.42899468,2,NotExtreme,0,-0.242838374,Shrubland_NotExtreme
116,credom.au,259.6,2016,Shrubland,7,319.5406224,136.4743298,342,57.29046004,269.4164007,0.172,-0.474289947,0.037813562,0.23089608,0.23089608,-47.42899468,2,NotExtreme,0,-0.285494623,Shrubland_NotExtreme
117,credom.au,259.6,2016,Shrubland,10,319.5406224,136.4743298,342,57.29046004,269.4164007,0.172,-0.474289947,0.037813562,0.23089608,0.23089608,-47.42899468,2,NotExtreme,0,-0.520858536,Shrubland_NotExtreme
118,dang.cn,419,2018,Grassland,19,363.9799373,222.3124381,234,38.9217879,493.2129165,0.4006,-0.469421389,0.177119132,-0.131312799,0.131312799,-46.94213888,1,Extr,1,-0.069435875,Grassland_Extr
119,dang.cn,419,2018,Grassland,32,363.9799373,222.3124381,234,38.9217879,493.2129165,0.4006,-0.469421389,0.177119132,-0.131312799,0.131312799,-46.94213888,1,Extr,1,0.501765539,Grassland_Extr
120,dang.cn,419,2018,Grassland,48,363.9799373,222.3124381,234,38.9217879,493.2129165,0.4006,-0.469421389,0.177119132,-0.131312799,0.131312799,-46.94213888,1,Extr,1,-0.071452005,Grassland_Extr
121,dang.cn,419,2018,Grassland,53,363.9799373,222.3124381,234,38.9217879,493.2129165,0.4006,-0.469421389,0.177119132,-0.131312799,0.131312799,-46.94213888,1,Extr,1,0.15913101,Grassland_Extr
122,dang.cn,419,2018,Grassland,215,363.9799373,222.3124381,234,38.9217879,493.2129165,0.4006,-0.469421389,0.177119132,-0.131312799,0.131312799,-46.94213888,1,Extr,1,-0.142537305,Grassland_Extr
123,eea.br,1440,2018,Grassland,13,1615,1322.2,184,18.13003096,1836.6,1.0608,-0.081805556,0.275416667,0.121527778,0.121527778,-8.180555556,1,NotExtreme,0,0.604728512,Grassland_NotExtreme
124,eea.br,1440,2018,Grassland,25,1615,1322.2,184,18.13003096,1836.6,1.0608,-0.081805556,0.275416667,0.121527778,0.121527778,-8.180555556,1,NotExtreme,0,-0.370744542,Grassland_NotExtreme
125,eea.br,1440,2018,Grassland,31,1615,1322.2,184,18.13003096,1836.6,1.0608,-0.081805556,0.275416667,0.121527778,0.121527778,-8.180555556,1,NotExtreme,0,-0.370744542,Grassland_NotExtreme
126,eea.br,1440,2018,Grassland,45,1615,1322.2,184,18.13003096,1836.6,1.0608,-0.081805556,0.275416667,0.121527778,0.121527778,-8.180555556,1,NotExtreme,0,-0.589623695,Grassland_NotExtreme
127,eea.br,1440,2018,Grassland,54,1615,1322.2,184,18.13003096,1836.6,1.0608,-0.081805556,0.275416667,0.121527778,0.121527778,-8.180555556,1,NotExtreme,0,0.141789024,Grassland_NotExtreme
128,elvadrt.ee,680,2017,Grassland,1,606.2,230.356,442,62,581.342,1.0945,-0.661241176,-0.145085294,-0.108529412,0.108529412,-66.12411765,1,Extr,1,-0.262306076,Grassland_Extr
129,elvadrt.ee,680,2017,Grassland,3,606.2,230.356,442,62,581.342,1.0945,-0.661241176,-0.145085294,-0.108529412,0.108529412,-66.12411765,1,Extr,1,-0.534476204,Grassland_Extr
130,elvadrt.ee,680,2017,Grassland,5,606.2,230.356,442,62,581.342,1.0945,-0.661241176,-0.145085294,-0.108529412,0.108529412,-66.12411765,1,Extr,1,-0.245801575,Grassland_Extr
131,esw.ca,1011.5,2016,Grassland,4,968.0602151,786.3424731,136,18.77132632,807.8096774,1.0935,-0.222597654,-0.201374516,-0.042945907,0.042945907,-22.25976539,1,Extr,1,0.41680706,Grassland_Extr
132,esw.ca,1011.5,2016,Grassland,5,968.0602151,786.3424731,136,18.77132632,807.8096774,1.0935,-0.222597654,-0.201374516,-0.042945907,0.042945907,-22.25976539,1,Extr,1,-0.741251531,Grassland_Extr
133,esw.ca,1011.5,2016,Grassland,6,968.0602151,786.3424731,136,18.77132632,807.8096774,1.0935,-0.222597654,-0.201374516,-0.042945907,0.042945907,-22.25976539,1,Extr,1,-0.351941659,Grassland_Extr
134,falls.au,1239,2018,Grassland,3,1338.52202,803.1132122,368,40,1705.615304,1.9963,-0.351805317,0.376606379,0.080324471,0.080324471,-35.1805317,1,NotExtreme,0,0.189708025,Grassland_NotExtreme
135,falls.au,1239,2018,Grassland,4,1338.52202,803.1132122,368,40,1705.615304,1.9963,-0.351805317,0.376606379,0.080324471,0.080324471,-35.1805317,1,NotExtreme,0,0.117763009,Grassland_NotExtreme
136,falls.au,1239,2018,Grassland,8,1338.52202,803.1132122,368,40,1705.615304,1.9963,-0.351805317,0.376606379,0.080324471,0.080324471,-35.1805317,1,NotExtreme,0,-0.157436415,Grassland_NotExtreme
137,freiburg.de,934,2016,Grassland,10,955.7,789.485,122,17.39196401,1064.1,1.029,-0.154726981,0.139293362,0.023233405,0.023233405,-15.47269807,1,NotExtreme,0,-0.261507792,Grassland_NotExtreme
138,freiburg.de,934,2016,Grassland,26,955.7,789.485,122,17.39196401,1064.1,1.029,-0.154726981,0.139293362,0.023233405,0.023233405,-15.47269807,1,NotExtreme,0,-0.302522764,Grassland_NotExtreme
139,freiburg.de,934,2016,Grassland,42,955.7,789.485,122,17.39196401,1064.1,1.029,-0.154726981,0.139293362,0.023233405,0.023233405,-15.47269807,1,NotExtreme,0,-0.332059777,Grassland_NotExtreme
140,freiburg.de,934,2016,Grassland,48,955.7,789.485,122,17.39196401,1064.1,1.029,-0.154726981,0.139293362,0.023233405,0.023233405,-15.47269807,1,NotExtreme,0,-0.067158472,Grassland_NotExtreme
141,gmgranite.us,220,2020,Shrubland,4,226.75,77.095,364,66,259.08,0.1766,-0.649568182,0.177636364,0.030681818,0.030681818,-64.95681818,2,NotExtreme,0,0.382265603,Shrubland_NotExtreme
142,gmgranite.us,220,2020,Shrubland,5,226.75,77.095,364,66,259.08,0.1766,-0.649568182,0.177636364,0.030681818,0.030681818,-64.95681818,2,NotExtreme,0,0.322898383,Shrubland_NotExtreme
143,gmgranite.us,220,2020,Shrubland,7,226.75,77.095,364,66,259.08,0.1766,-0.649568182,0.177636364,0.030681818,0.030681818,-64.95681818,2,NotExtreme,0,0.425329859,Shrubland_NotExtreme
144,gmgranite.us,220,2020,Shrubland,8,226.75,77.095,364,66,259.08,0.1766,-0.649568182,0.177636364,0.030681818,0.030681818,-64.95681818,2,NotExtreme,0,0.645263922,Shrubland_NotExtreme
145,gmgranite.us,220,2020,Shrubland,9,226.75,77.095,364,66,259.08,0.1766,-0.649568182,0.177636364,0.030681818,0.030681818,-64.95681818,2,NotExtreme,0,-0.040566709,Shrubland_NotExtreme
146,gmgranite.us,220,2020,Shrubland,13,226.75,77.095,364,66,259.08,0.1766,-0.649568182,0.177636364,0.030681818,0.030681818,-64.95681818,2,NotExtreme,0,0.585894802,Shrubland_NotExtreme
147,gmgranite.us,220,2020,Shrubland,14,226.75,77.095,364,66,259.08,0.1766,-0.649568182,0.177636364,0.030681818,0.030681818,-64.95681818,2,NotExtreme,0,0.360674898,Shrubland_NotExtreme
148,gmmolar.us,220,2020,Shrubland,1,226.75,77.095,364,66,259.08,0.1727,-0.649568182,0.177636364,0.030681818,0.030681818,-64.95681818,2,NotExtreme,0,0.836957534,Shrubland_NotExtreme
149,gmmolar.us,220,2020,Shrubland,6,226.75,77.095,364,66,259.08,0.1727,-0.649568182,0.177636364,0.030681818,0.030681818,-64.95681818,2,NotExtreme,0,0.928150906,Shrubland_NotExtreme
150,gmmolar.us,220,2020,Shrubland,8,226.75,77.095,364,66,259.08,0.1727,-0.649568182,0.177636364,0.030681818,0.030681818,-64.95681818,2,NotExtreme,0,0.158856879,Shrubland_NotExtreme
151,gmmolar.us,220,2020,Shrubland,9,226.75,77.095,364,66,259.08,0.1727,-0.649568182,0.177636364,0.030681818,0.030681818,-64.95681818,2,NotExtreme,0,0.356937694,Shrubland_NotExtreme
152,gmmolar.us,220,2020,Shrubland,10,226.75,77.095,364,66,259.08,0.1727,-0.649568182,0.177636364,0.030681818,0.030681818,-64.95681818,2,NotExtreme,0,0.044011038,Shrubland_NotExtreme
153,gmmolar.us,220,2020,Shrubland,12,226.75,77.095,364,66,259.08,0.1727,-0.649568182,0.177636364,0.030681818,0.030681818,-64.95681818,2,NotExtreme,0,-0.093318625,Shrubland_NotExtreme
154,gmmolar.us,220,2020,Shrubland,14,226.75,77.095,364,66,259.08,0.1727,-0.649568182,0.177636364,0.030681818,0.030681818,-64.95681818,2,NotExtreme,0,-0.031647834,Shrubland_NotExtreme
155,guaribas.br,1908,2016,Grassland,3,1072.326334,767.5528229,240,28.4217128,1090.050376,0.8074,-0.597718646,-0.428694771,-0.437984102,0.437984102,-59.77186463,1,Extr,1,-0.601558468,Grassland_Extr
156,guaribas.br,1908,2016,Grassland,6,1072.326334,767.5528229,240,28.4217128,1090.050376,0.8074,-0.597718646,-0.428694771,-0.437984102,0.437984102,-59.77186463,1,Extr,1,-1.196577116,Grassland_Extr
157,guaribas.br,1908,2016,Grassland,11,1072.326334,767.5528229,240,28.4217128,1090.050376,0.8074,-0.597718646,-0.428694771,-0.437984102,0.437984102,-59.77186463,1,Extr,1,-0.253307217,Grassland_Extr
158,haibei.cn,469,2019,Grassland,19,747.3124317,373.6562158,591,50,423.4315266,0.6609,-0.203291651,-0.097160924,0.593416699,0.593416699,-20.32916507,1,NotExtreme,0,-0.288887134,Grassland_NotExtreme
159,haibei.cn,469,2019,Grassland,32,747.3124317,373.6562158,591,50,423.4315266,0.6609,-0.203291651,-0.097160924,0.593416699,0.593416699,-20.32916507,1,NotExtreme,0,0.063534404,Grassland_NotExtreme
160,haibei.cn,469,2019,Grassland,215,747.3124317,373.6562158,591,50,423.4315266,0.6609,-0.203291651,-0.097160924,0.593416699,0.593416699,-20.32916507,1,NotExtreme,0,-0.556829629,Grassland_NotExtreme
161,hard.us,462,2016,Shrubland,1,497.3,436.811,124,12.16348281,545.3,0.4196,-0.054521645,0.18030303,0.076406926,0.076406926,-5.452164502,2,NotExtreme,0,0.293755086,Shrubland_NotExtreme
162,hard.us,462,2016,Shrubland,3,497.3,436.811,124,12.16348281,545.3,0.4196,-0.054521645,0.18030303,0.076406926,0.076406926,-5.452164502,2,NotExtreme,0,0.260231253,Shrubland_NotExtreme
163,hard.us,462,2016,Shrubland,6,497.3,436.811,124,12.16348281,545.3,0.4196,-0.054521645,0.18030303,0.076406926,0.076406926,-5.452164502,2,NotExtreme,0,-0.225717594,Shrubland_NotExtreme
164,hoide.de,541.15,2017,Shrubland,2,603,361.8,469,40,549.9,0.9268,-0.33142382,0.016169269,0.114293634,0.114293634,-33.14238196,2,NotExtreme,0,-1.600717833,Shrubland_NotExtreme
165,hoide.de,541.15,2017,Shrubland,8,603,361.8,469,40,549.9,0.9268,-0.33142382,0.016169269,0.114293634,0.114293634,-33.14238196,2,NotExtreme,0,0.359704445,Shrubland_NotExtreme
166,hong.cn,703,2018,Grassland,107,931.5,642.4,230,31.0359635,586.1,0.858,-0.086201991,-0.16628734,0.325035562,0.325035562,-8.620199147,1,NotExtreme,0,-0.62059376,Grassland_NotExtreme
167,hong.cn,703,2018,Grassland,202,931.5,642.4,230,31.0359635,586.1,0.858,-0.086201991,-0.16628734,0.325035562,0.325035562,-8.620199147,1,NotExtreme,0,0.676961948,Grassland_NotExtreme
168,hong.cn,703,2018,Grassland,302,931.5,642.4,230,31.0359635,586.1,0.858,-0.086201991,-0.16628734,0.325035562,0.325035562,-8.620199147,1,NotExtreme,0,-0.104118239,Grassland_NotExtreme
169,hong.cn,703,2018,Grassland,409,931.5,642.4,230,31.0359635,586.1,0.858,-0.086201991,-0.16628734,0.325035562,0.325035562,-8.620199147,1,NotExtreme,0,-0.053661677,Grassland_NotExtreme
170,hulun.cn,360,2018,Grassland,19,348.9293963,211.2297618,235,39.46346624,315.2599987,0.5067,-0.413250662,-0.124277781,-0.030751677,0.030751677,-41.32506617,1,Extr,1,-0.40817147,Grassland_Extr
171,hulun.cn,360,2018,Grassland,32,348.9293963,211.2297618,235,39.46346624,315.2599987,0.5067,-0.413250662,-0.124277781,-0.030751677,0.030751677,-41.32506617,1,Extr,1,-0.618213474,Grassland_Extr
172,hulun.cn,360,2018,Grassland,48,348.9293963,211.2297618,235,39.46346624,315.2599987,0.5067,-0.413250662,-0.124277781,-0.030751677,0.030751677,-41.32506617,1,Extr,1,-0.396330339,Grassland_Extr
173,hulun.cn,360,2018,Grassland,53,348.9293963,211.2297618,235,39.46346624,315.2599987,0.5067,-0.413250662,-0.124277781,-0.030751677,0.030751677,-41.32506617,1,Extr,1,-0.647324511,Grassland_Extr
174,hulun.cn,360,2018,Grassland,215,348.9293963,211.2297618,235,39.46346624,315.2599987,0.5067,-0.413250662,-0.124277781,-0.030751677,0.030751677,-41.32506617,1,Extr,1,-0.655281154,Grassland_Extr
175,hulun.cn,360,2018,Grassland,612,348.9293963,211.2297618,235,39.46346624,315.2599987,0.5067,-0.413250662,-0.124277781,-0.030751677,0.030751677,-41.32506617,1,Extr,1,-0.561755095,Grassland_Extr
176,hyide.de,541.15,2017,Shrubland,14,603,361.8,470,40,549.9,0.9268,-0.33142382,0.016169269,0.114293634,0.114293634,-33.14238196,2,NotExtreme,0,-3.128884807,Shrubland_NotExtreme
177,hyide.de,541.15,2017,Shrubland,18,603,361.8,470,40,549.9,0.9268,-0.33142382,0.016169269,0.114293634,0.114293634,-33.14238196,2,NotExtreme,0,-0.156917546,Shrubland_NotExtreme
178,hyide.de,541.15,2017,Shrubland,22,603,361.8,470,40,549.9,0.9268,-0.33142382,0.016169269,0.114293634,0.114293634,-33.14238196,2,NotExtreme,0,-0.346870944,Shrubland_NotExtreme
179,jorndrt.us,241.88,2016,Grassland,1,172,40.24,355,76.60465116,283.6,0.163,-0.833636514,0.172482223,-0.288903589,0.288903589,-83.3636514,1,Extr,1,-0.259528225,Grassland_Extr
180,jorndrt.us,241.88,2016,Grassland,4,172,40.24,355,76.60465116,283.6,0.163,-0.833636514,0.172482223,-0.288903589,0.288903589,-83.3636514,1,Extr,1,0.054280962,Grassland_Extr
181,jorndrt.us,241.88,2016,Grassland,5,172,40.24,355,76.60465116,283.6,0.163,-0.833636514,0.172482223,-0.288903589,0.288903589,-83.3636514,1,Extr,1,-0.115052946,Grassland_Extr
182,jrnchi.us,246.6,2020,Shrubland,311,315.976,94.7928,366,70,245.364,0.161,-0.615600973,-0.005012165,0.281330089,0.281330089,-61.56009732,2,NotExtreme,0,-0.464760129,Shrubland_NotExtreme
183,jrnchi.us,246.6,2020,Shrubland,312,315.976,94.7928,366,70,245.364,0.161,-0.615600973,-0.005012165,0.281330089,0.281330089,-61.56009732,2,NotExtreme,0,-0.819924139,Shrubland_NotExtreme
184,jrnchi.us,246.6,2020,Shrubland,313,315.976,94.7928,366,70,245.364,0.161,-0.615600973,-0.005012165,0.281330089,0.281330089,-61.56009732,2,NotExtreme,0,0.116692485,Shrubland_NotExtreme
185,jrnchi.us,246.6,2020,Shrubland,314,315.976,94.7928,366,70,245.364,0.161,-0.615600973,-0.005012165,0.281330089,0.281330089,-61.56009732,2,NotExtreme,0,-0.193242363,Shrubland_NotExtreme
186,jrnchi.us,246.6,2020,Shrubland,315,315.976,94.7928,366,70,245.364,0.161,-0.615600973,-0.005012165,0.281330089,0.281330089,-61.56009732,2,NotExtreme,0,0.186087525,Shrubland_NotExtreme
187,jrnchi.us,246.6,2020,Shrubland,316,315.976,94.7928,366,70,245.364,0.161,-0.615600973,-0.005012165,0.281330089,0.281330089,-61.56009732,2,NotExtreme,0,0.428964826,Shrubland_NotExtreme
188,jrnchi.us,246.6,2020,Shrubland,317,315.976,94.7928,366,70,245.364,0.161,-0.615600973,-0.005012165,0.281330089,0.281330089,-61.56009732,2,NotExtreme,0,-0.067504674,Shrubland_NotExtreme
189,jrnchi.us,246.6,2020,Shrubland,318,315.976,94.7928,366,70,245.364,0.161,-0.615600973,-0.005012165,0.281330089,0.281330089,-61.56009732,2,NotExtreme,0,0.164607086,Shrubland_NotExtreme
190,jrnchi.us,246.6,2020,Shrubland,319,315.976,94.7928,366,70,245.364,0.161,-0.615600973,-0.005012165,0.281330089,0.281330089,-61.56009732,2,NotExtreme,0,-0.23521156,Shrubland_NotExtreme
191,jrnchi.us,246.6,2020,Shrubland,320,315.976,94.7928,366,70,245.364,0.161,-0.615600973,-0.005012165,0.281330089,0.281330089,-61.56009732,2,NotExtreme,0,0.160021563,Shrubland_NotExtreme
192,kernb.ca,353.7,2017,Grassland,1,414.7,264.22,449,36.28647215,411.6925,0.4723,-0.252982754,0.16395957,0.172462539,0.172462539,-25.29827537,1,NotExtreme,0,0.206064899,Grassland_NotExtreme
193,kernb.ca,353.7,2017,Grassland,2,414.7,264.22,449,36.28647215,411.6925,0.4723,-0.252982754,0.16395957,0.172462539,0.172462539,-25.29827537,1,NotExtreme,0,-0.202197413,Grassland_NotExtreme
194,kernb.ca,353.7,2017,Grassland,4,414.7,264.22,449,36.28647215,411.6925,0.4723,-0.252982754,0.16395957,0.172462539,0.172462539,-25.29827537,1,NotExtreme,0,-0.080996633,Grassland_NotExtreme
195,kernnu.ca,353.7,2017,Grassland,1,414.7,264.22,449,36.28647215,411.6925,0.4723,-0.252982754,0.16395957,0.172462539,0.172462539,-25.29827537,1,NotExtreme,0,-0.046997115,Grassland_NotExtreme
196,kernnu.ca,353.7,2017,Grassland,3,414.7,264.22,449,36.28647215,411.6925,0.4723,-0.252982754,0.16395957,0.172462539,0.172462539,-25.29827537,1,NotExtreme,0,0.526396586,Grassland_NotExtreme
197,kernnu.ca,353.7,2017,Grassland,4,414.7,264.22,449,36.28647215,411.6925,0.4723,-0.252982754,0.16395957,0.172462539,0.172462539,-25.29827537,1,NotExtreme,0,0.271695194,Grassland_NotExtreme
198,kinsella.ca,406.24,2017,Grassland,6,443.4,318.21,420,28.23410014,407.33,0.5958,-0.216694565,0.002683143,0.091473021,0.091473021,-21.66945648,1,NotExtreme,0,-0.219993348,Grassland_NotExtreme
199,kinsella.ca,406.24,2017,Grassland,7,443.4,318.21,420,28.23410014,407.33,0.5958,-0.216694565,0.002683143,0.091473021,0.091473021,-21.66945648,1,NotExtreme,0,-0.272319022,Grassland_NotExtreme
200,kinsella.ca,406.24,2017,Grassland,8,443.4,318.21,420,28.23410014,407.33,0.5958,-0.216694565,0.002683143,0.091473021,0.091473021,-21.66945648,1,NotExtreme,0,0.075031177,Grassland_NotExtreme
201,kinsella.ca,406.24,2017,Grassland,9,443.4,318.21,420,28.23410014,407.33,0.5958,-0.216694565,0.002683143,0.091473021,0.091473021,-21.66945648,1,NotExtreme,0,-0.734644235,Grassland_NotExtreme
202,kinsella.ca,406.24,2017,Grassland,10,443.4,318.21,420,28.23410014,407.33,0.5958,-0.216694565,0.002683143,0.091473021,0.091473021,-21.66945648,1,NotExtreme,0,-0.231051383,Grassland_NotExtreme
203,kiskun.hu,596,2016,Grassland,3,776.6,630.04,137,18.87200618,528.6,0.5896,0.057114094,-0.113087248,0.303020134,0.303020134,5.711409396,1,NotExtreme,0,0.002176109,Grassland_NotExtreme
204,kiskun.hu,596,2016,Grassland,4,776.6,630.04,137,18.87200618,528.6,0.5896,0.057114094,-0.113087248,0.303020134,0.303020134,5.711409396,1,NotExtreme,0,-0.284225245,Grassland_NotExtreme
205,kiskun.hu,596,2016,Grassland,6,776.6,630.04,137,18.87200618,528.6,0.5896,0.057114094,-0.113087248,0.303020134,0.303020134,5.711409396,1,NotExtreme,0,-0.048591743,Grassland_NotExtreme
206,kiskun.hu,596,2016,Grassland,8,776.6,630.04,137,18.87200618,528.6,0.5896,0.057114094,-0.113087248,0.303020134,0.303020134,5.711409396,1,NotExtreme,0,-0.164923095,Grassland_NotExtreme
207,kiskun.hu,596,2016,Grassland,9,776.6,630.04,137,18.87200618,528.6,0.5896,0.057114094,-0.113087248,0.303020134,0.303020134,5.711409396,1,NotExtreme,0,0.049754037,Grassland_NotExtreme
208,konzadrt.us,830,2016,Grassland,1,1104.2,593,175,46.29596088,965.848387,0.735,-0.285542169,0.163672755,0.330361446,0.330361446,-28.55421687,1,NotExtreme,0,0.069353167,Grassland_NotExtreme
209,konzadrt.us,830,2016,Grassland,2,1104.2,593,175,46.29596088,965.848387,0.735,-0.285542169,0.163672755,0.330361446,0.330361446,-28.55421687,1,NotExtreme,0,0.035650343,Grassland_NotExtreme
210,konzadrt.us,830,2016,Grassland,4,1104.2,593,175,46.29596088,965.848387,0.735,-0.285542169,0.163672755,0.330361446,0.330361446,-28.55421687,1,NotExtreme,0,-0.062395816,Grassland_NotExtreme
211,konzadrt.us,830,2016,Grassland,8,1104.2,593,175,46.29596088,965.848387,0.735,-0.285542169,0.163672755,0.330361446,0.330361446,-28.55421687,1,NotExtreme,0,-0.537343152,Grassland_NotExtreme
212,konzadrt.us,830,2016,Grassland,10,1104.2,593,175,46.29596088,965.848387,0.735,-0.285542169,0.163672755,0.330361446,0.330361446,-28.55421687,1,NotExtreme,0,-0.378796861,Grassland_NotExtreme
213,lygraint.no,2234,2017,Shrubland,1,2687.9,2325.3,113,13.4900852,2713.8,4.6145,0.040868397,0.21477171,0.203178156,0.203178156,4.086839749,2,NotExtreme,0,0.803369136,Shrubland_NotExtreme
214,lygraint.no,2234,2017,Shrubland,6,2687.9,2325.3,113,13.4900852,2713.8,4.6145,0.040868397,0.21477171,0.203178156,0.203178156,4.086839749,2,NotExtreme,0,0.346663949,Shrubland_NotExtreme
215,lygraint.no,2234,2017,Shrubland,7,2687.9,2325.3,113,13.4900852,2713.8,4.6145,0.040868397,0.21477171,0.203178156,0.203178156,4.086839749,2,NotExtreme,0,0.584277652,Shrubland_NotExtreme
216,lygraold.no,2234,2017,Shrubland,2,2687.9,2325.3,113,13.4900852,2713.8,4.6178,0.040868397,0.21477171,0.203178156,0.203178156,4.086839749,2,NotExtreme,0,-0.028489709,Shrubland_NotExtreme
217,lygraold.no,2234,2017,Shrubland,5,2687.9,2325.3,113,13.4900852,2713.8,4.6178,0.040868397,0.21477171,0.203178156,0.203178156,4.086839749,2,NotExtreme,0,-0.517636071,Shrubland_NotExtreme
218,lygraold.no,2234,2017,Shrubland,8,2687.9,2325.3,113,13.4900852,2713.8,4.6178,0.040868397,0.21477171,0.203178156,0.203178156,4.086839749,2,NotExtreme,0,-0.394918123,Shrubland_NotExtreme
219,lygrayng.no,2234,2017,Shrubland,3,2687.9,2325.3,113,13.4900852,2713.8,4.6145,0.040868397,0.21477171,0.203178156,0.203178156,4.086839749,2,NotExtreme,0,0.311856104,Shrubland_NotExtreme
220,lygrayng.no,2234,2017,Shrubland,6,2687.9,2325.3,113,13.4900852,2713.8,4.6145,0.040868397,0.21477171,0.203178156,0.203178156,4.086839749,2,NotExtreme,0,0.553327457,Shrubland_NotExtreme
221,lygrayng.no,2234,2017,Shrubland,8,2687.9,2325.3,113,13.4900852,2713.8,4.6145,0.040868397,0.21477171,0.203178156,0.203178156,4.086839749,2,NotExtreme,0,0.255042782,Shrubland_NotExtreme
222,marcdrt.ar,927.9,2016,Grassland,6,1088.2,959.05,143,11.86822275,690.5,0.7508,0.033570428,-0.255846535,0.172755685,0.172755685,3.357042785,1,NotExtreme,0,-0.526846277,Grassland_NotExtreme
223,marcdrt.ar,927.9,2016,Grassland,8,1088.2,959.05,143,11.86822275,690.5,0.7508,0.033570428,-0.255846535,0.172755685,0.172755685,3.357042785,1,NotExtreme,0,0.247654731,Grassland_NotExtreme
224,marcdrt.ar,927.9,2016,Grassland,9,1088.2,959.05,143,11.86822275,690.5,0.7508,0.033570428,-0.255846535,0.172755685,0.172755685,3.357042785,1,NotExtreme,0,-0.264408875,Grassland_NotExtreme
225,marcdrt.ar,927.9,2016,Grassland,13,1088.2,959.05,143,11.86822275,690.5,0.7508,0.033570428,-0.255846535,0.172755685,0.172755685,3.357042785,1,NotExtreme,0,0.134707596,Grassland_NotExtreme
226,matador.ca,358.4,2017,Grassland,1,390.6,251.33,451,35.65540195,486.505,0.4242,-0.29874442,0.357435826,0.08984375,0.08984375,-29.87444196,1,NotExtreme,0,-0.040491361,Grassland_NotExtreme
227,matador.ca,358.4,2017,Grassland,2,390.6,251.33,451,35.65540195,486.505,0.4242,-0.29874442,0.357435826,0.08984375,0.08984375,-29.87444196,1,NotExtreme,0,-0.040491361,Grassland_NotExtreme
228,matador.ca,358.4,2017,Grassland,4,390.6,251.33,451,35.65540195,486.505,0.4242,-0.29874442,0.357435826,0.08984375,0.08984375,-29.87444196,1,NotExtreme,0,-0.658055861,Grassland_NotExtreme
229,matta.il,540,2016,Shrubland,2,510.8394607,181.1679567,213,64.53524627,654.5566372,0.3433,-0.664503784,0.212141921,-0.054000999,0.054000999,-66.45037839,2,Extr,1,-0.526615039,Shrubland_Extr
230,matta.il,540,2016,Shrubland,3,510.8394607,181.1679567,213,64.53524627,654.5566372,0.3433,-0.664503784,0.212141921,-0.054000999,0.054000999,-66.45037839,2,Extr,1,-0.256525732,Shrubland_Extr
231,matta.il,540,2016,Shrubland,5,510.8394607,181.1679567,213,64.53524627,654.5566372,0.3433,-0.664503784,0.212141921,-0.054000999,0.054000999,-66.45037839,2,Extr,1,-0.005292719,Shrubland_Extr
232,matta.il,540,2016,Shrubland,6,510.8394607,181.1679567,213,64.53524627,654.5566372,0.3433,-0.664503784,0.212141921,-0.054000999,0.054000999,-66.45037839,2,Extr,1,-1.008813544,Shrubland_Extr
233,matta.il,540,2016,Shrubland,9,510.8394607,181.1679567,213,64.53524627,654.5566372,0.3433,-0.664503784,0.212141921,-0.054000999,0.054000999,-66.45037839,2,Extr,1,-0.595251687,Shrubland_Extr
234,mattheis.ca,329.11,2017,Grassland,1,330.9,196.645,377,40.57268057,406.19,0.3795,-0.402494607,0.234207408,0.005438911,0.005438911,-40.24946067,1,Extr,1,-0.20861249,Grassland_Extr
235,mattheis.ca,329.11,2017,Grassland,2,330.9,196.645,377,40.57268057,406.19,0.3795,-0.402494607,0.234207408,0.005438911,0.005438911,-40.24946067,1,Extr,1,-0.247837982,Grassland_Extr
236,mattheis.ca,329.11,2017,Grassland,3,330.9,196.645,377,40.57268057,406.19,0.3795,-0.402494607,0.234207408,0.005438911,0.005438911,-40.24946067,1,Extr,1,-0.355008503,Grassland_Extr
237,mattheis.ca,329.11,2017,Grassland,5,330.9,196.645,377,40.57268057,406.19,0.3795,-0.402494607,0.234207408,0.005438911,0.005438911,-40.24946067,1,Extr,1,0.405581462,Grassland_Extr
238,mattheis.ca,329.11,2017,Grassland,6,330.9,196.645,377,40.57268057,406.19,0.3795,-0.402494607,0.234207408,0.005438911,0.005438911,-40.24946067,1,Extr,1,-0.203370015,Grassland_Extr
239,milparinka.au,192,2017,Grassland,2,228.2,79.87,385,65,326.18,0.1338,-0.584010417,0.698854167,0.188541667,0.188541667,-58.40104167,1,NotExtreme,0,-0.657563261,Grassland_NotExtreme
240,milparinka.au,192,2017,Grassland,4,228.2,79.87,385,65,326.18,0.1338,-0.584010417,0.698854167,0.188541667,0.188541667,-58.40104167,1,NotExtreme,0,-0.397450653,Grassland_NotExtreme
241,milparinka.au,192,2017,Grassland,6,228.2,79.87,385,65,326.18,0.1338,-0.584010417,0.698854167,0.188541667,0.188541667,-58.40104167,1,NotExtreme,0,1.045559648,Grassland_NotExtreme
242,morient.ar,382.7,2017,Shrubland,3,464.1290323,249.3845161,349,46.26827912,334.9677419,0.2035,-0.348355066,-0.124725002,0.212775104,0.212775104,-34.83550664,2,NotExtreme,0,-0.598217864,Shrubland_NotExtreme
243,morient.ar,382.7,2017,Shrubland,5,464.1290323,249.3845161,349,46.26827912,334.9677419,0.2035,-0.348355066,-0.124725002,0.212775104,0.212775104,-34.83550664,2,NotExtreme,0,-0.69060919,Shrubland_NotExtreme
244,naposta.ar,553,2017,Grassland,1,645.7,361.592,365,44,558.0866667,0.5161,-0.346126582,0.009198312,0.167631103,0.167631103,-34.61265823,1,NotExtreme,0,-2.009750729,Grassland_NotExtreme
245,naposta.ar,553,2017,Grassland,3,645.7,361.592,365,44,558.0866667,0.5161,-0.346126582,0.009198312,0.167631103,0.167631103,-34.61265823,1,NotExtreme,0,-2.36877034,Grassland_NotExtreme
246,naposta.ar,553,2017,Grassland,5,645.7,361.592,365,44,558.0866667,0.5161,-0.346126582,0.009198312,0.167631103,0.167631103,-34.61265823,1,NotExtreme,0,-1.46981205,Grassland_NotExtreme
247,naqu.cn,430,2018,Grassland,19,495.4618795,340.3635829,226,31.30377997,488.5774058,0.5728,-0.208456784,0.136226525,0.152236929,0.152236929,-20.8456784,1,NotExtreme,0,-0.190188302,Grassland_NotExtreme
248,naqu.cn,430,2018,Grassland,32,495.4618795,340.3635829,226,31.30377997,488.5774058,0.5728,-0.208456784,0.136226525,0.152236929,0.152236929,-20.8456784,1,NotExtreme,0,-0.227482867,Grassland_NotExtreme
249,naqu.cn,430,2018,Grassland,48,495.4618795,340.3635829,226,31.30377997,488.5774058,0.5728,-0.208456784,0.136226525,0.152236929,0.152236929,-20.8456784,1,NotExtreme,0,-0.266222378,Grassland_NotExtreme
250,naqu.cn,430,2018,Grassland,53,495.4618795,340.3635829,226,31.30377997,488.5774058,0.5728,-0.208456784,0.136226525,0.152236929,0.152236929,-20.8456784,1,NotExtreme,0,-0.122375708,Grassland_NotExtreme
251,naqu.cn,430,2018,Grassland,215,495.4618795,340.3635829,226,31.30377997,488.5774058,0.5728,-0.208456784,0.136226525,0.152236929,0.152236929,-20.8456784,1,NotExtreme,0,-0.807572818,Grassland_NotExtreme
252,naqu.cn,430,2018,Grassland,612,495.4618795,340.3635829,226,31.30377997,488.5774058,0.5728,-0.208456784,0.136226525,0.152236929,0.152236929,-20.8456784,1,NotExtreme,0,0.276607013,Grassland_NotExtreme
253,nnss.us,132.8,2020,Shrubland,111,167.132,69.7484,347,58.2674772,216.154,0.0923,-0.474786145,0.627665663,0.258524096,0.258524096,-47.47861446,2,NotExtreme,0,-0.397416765,Shrubland_NotExtreme
254,nnss.us,132.8,2020,Shrubland,112,167.132,69.7484,347,58.2674772,216.154,0.0923,-0.474786145,0.627665663,0.258524096,0.258524096,-47.47861446,2,NotExtreme,0,-0.424823255,Shrubland_NotExtreme
255,nnss.us,132.8,2020,Shrubland,113,167.132,69.7484,347,58.2674772,216.154,0.0923,-0.474786145,0.627665663,0.258524096,0.258524096,-47.47861446,2,NotExtreme,0,-0.955119392,Shrubland_NotExtreme
256,nnss.us,132.8,2020,Shrubland,114,167.132,69.7484,347,58.2674772,216.154,0.0923,-0.474786145,0.627665663,0.258524096,0.258524096,-47.47861446,2,NotExtreme,0,-0.608855311,Shrubland_NotExtreme
257,nnss.us,132.8,2020,Shrubland,115,167.132,69.7484,347,58.2674772,216.154,0.0923,-0.474786145,0.627665663,0.258524096,0.258524096,-47.47861446,2,NotExtreme,0,-0.736488938,Shrubland_NotExtreme
258,nnss.us,132.8,2020,Shrubland,116,167.132,69.7484,347,58.2674772,216.154,0.0923,-0.474786145,0.627665663,0.258524096,0.258524096,-47.47861446,2,NotExtreme,0,-1.433826578,Shrubland_NotExtreme
259,nnss.us,132.8,2020,Shrubland,117,167.132,69.7484,347,58.2674772,216.154,0.0923,-0.474786145,0.627665663,0.258524096,0.258524096,-47.47861446,2,NotExtreme,0,-0.679895125,Shrubland_NotExtreme
260,nnss.us,132.8,2020,Shrubland,118,167.132,69.7484,347,58.2674772,216.154,0.0923,-0.474786145,0.627665663,0.258524096,0.258524096,-47.47861446,2,NotExtreme,0,-0.8276439,Shrubland_NotExtreme
261,nnss.us,132.8,2020,Shrubland,119,167.132,69.7484,347,58.2674772,216.154,0.0923,-0.474786145,0.627665663,0.258524096,0.258524096,-47.47861446,2,NotExtreme,0,-0.649441641,Shrubland_NotExtreme
262,nnss.us,132.8,2020,Shrubland,120,167.132,69.7484,347,58.2674772,216.154,0.0923,-0.474786145,0.627665663,0.258524096,0.258524096,-47.47861446,2,NotExtreme,0,-1.161786857,Shrubland_NotExtreme
263,nplatte.us,305,2016,Shrubland,2,288.195,166.71651,124,42.15149118,413.7,0.2532,-0.453388492,0.356393443,-0.055098361,0.055098361,-45.33884918,2,Extr,1,-0.623989714,Shrubland_Extr
264,nplatte.us,305,2016,Shrubland,4,288.195,166.71651,124,42.15149118,413.7,0.2532,-0.453388492,0.356393443,-0.055098361,0.055098361,-45.33884918,2,Extr,1,0.155208321,Shrubland_Extr
265,nplatte.us,305,2016,Shrubland,6,288.195,166.71651,124,42.15149118,413.7,0.2532,-0.453388492,0.356393443,-0.055098361,0.055098361,-45.33884918,2,Extr,1,1.137358055,Shrubland_Extr
266,nplatte.us,305,2016,Shrubland,8,288.195,166.71651,124,42.15149118,413.7,0.2532,-0.453388492,0.356393443,-0.055098361,0.055098361,-45.33884918,2,Extr,1,0.435463304,Shrubland_Extr
267,nplatte.us,305,2016,Shrubland,10,288.195,166.71651,124,42.15149118,413.7,0.2532,-0.453388492,0.356393443,-0.055098361,0.055098361,-45.33884918,2,Extr,1,-0.427937964,Shrubland_Extr
268,nplatte.us,305,2016,Shrubland,12,288.195,166.71651,124,42.15149118,413.7,0.2532,-0.453388492,0.356393443,-0.055098361,0.055098361,-45.33884918,2,Extr,1,-0.251314428,Shrubland_Extr
269,nplatte.us,305,2016,Shrubland,14,288.195,166.71651,124,42.15149118,413.7,0.2532,-0.453388492,0.356393443,-0.055098361,0.055098361,-45.33884918,2,Extr,1,-0.77277845,Shrubland_Extr
270,nplatte.us,305,2016,Shrubland,16,288.195,166.71651,124,42.15149118,413.7,0.2532,-0.453388492,0.356393443,-0.055098361,0.055098361,-45.33884918,2,Extr,1,0.36772478,Shrubland_Extr
271,nyngan.au,441,2017,Grassland,2,219.6,76.86,382,65,647.2546237,0.3038,-0.825714286,0.467697559,-0.502040816,0.502040816,-82.57142857,1,Extr,1,0.128472719,Grassland_Extr
272,nyngan.au,441,2017,Grassland,4,219.6,76.86,382,65,647.2546237,0.3038,-0.825714286,0.467697559,-0.502040816,0.502040816,-82.57142857,1,Extr,1,-0.99357663,Grassland_Extr
273,nyngan.au,441,2017,Grassland,6,219.6,76.86,382,65,647.2546237,0.3038,-0.825714286,0.467697559,-0.502040816,0.502040816,-82.57142857,1,Extr,1,-0.730410451,Grassland_Extr
274,octc.us,297.9,2020,Shrubland,211,284.988,170.9928,377,40,316.738,0.2469,-0.426006042,0.063235985,-0.043343404,0.043343404,-42.60060423,2,Extr,1,0.0588405,Shrubland_Extr
275,octc.us,297.9,2020,Shrubland,212,284.988,170.9928,377,40,316.738,0.2469,-0.426006042,0.063235985,-0.043343404,0.043343404,-42.60060423,2,Extr,1,0.087011377,Shrubland_Extr
276,octc.us,297.9,2020,Shrubland,213,284.988,170.9928,377,40,316.738,0.2469,-0.426006042,0.063235985,-0.043343404,0.043343404,-42.60060423,2,Extr,1,-0.062520357,Shrubland_Extr
277,octc.us,297.9,2020,Shrubland,214,284.988,170.9928,377,40,316.738,0.2469,-0.426006042,0.063235985,-0.043343404,0.043343404,-42.60060423,2,Extr,1,-0.277631737,Shrubland_Extr
278,octc.us,297.9,2020,Shrubland,215,284.988,170.9928,377,40,316.738,0.2469,-0.426006042,0.063235985,-0.043343404,0.043343404,-42.60060423,2,Extr,1,-0.277631737,Shrubland_Extr
279,octc.us,297.9,2020,Shrubland,216,284.988,170.9928,377,40,316.738,0.2469,-0.426006042,0.063235985,-0.043343404,0.043343404,-42.60060423,2,Extr,1,-0.062520357,Shrubland_Extr
280,octc.us,297.9,2020,Shrubland,217,284.988,170.9928,377,40,316.738,0.2469,-0.426006042,0.063235985,-0.043343404,0.043343404,-42.60060423,2,Extr,1,-0.238411023,Shrubland_Extr
281,octc.us,297.9,2020,Shrubland,218,284.988,170.9928,377,40,316.738,0.2469,-0.426006042,0.063235985,-0.043343404,0.043343404,-42.60060423,2,Extr,1,-0.931558204,Shrubland_Extr
282,octc.us,297.9,2020,Shrubland,219,284.988,170.9928,377,40,316.738,0.2469,-0.426006042,0.063235985,-0.043343404,0.043343404,-42.60060423,2,Extr,1,-0.129211731,Shrubland_Extr
283,octc.us,297.9,2020,Shrubland,220,284.988,170.9928,377,40,316.738,0.2469,-0.426006042,0.063235985,-0.043343404,0.043343404,-42.60060423,2,Extr,1,-0.062520357,Shrubland_Extr
284,oklah.us,880,2016,Grassland,4,1069.594,828.9953956,153,22.49438613,1401.318,0.6572,-0.057959778,0.592406818,0.215447727,0.215447727,-5.795977773,1,NotExtreme,0,-0.142487868,Grassland_NotExtreme
285,oklah.us,880,2016,Grassland,12,1069.594,828.9953956,153,22.49438613,1401.318,0.6572,-0.057959778,0.592406818,0.215447727,0.215447727,-5.795977773,1,NotExtreme,0,-0.043023996,Grassland_NotExtreme
286,oklah.us,880,2016,Grassland,19,1069.594,828.9953956,153,22.49438613,1401.318,0.6572,-0.057959778,0.592406818,0.215447727,0.215447727,-5.795977773,1,NotExtreme,0,-0.515574436,Grassland_NotExtreme
287,oreaa.us,497,2017,Shrubland,3,465.159096,274.4438666,384,41,437.140802,0.4121,-0.447799061,-0.120441042,-0.064066205,0.064066205,-44.77990612,2,Extr,1,0.17922013,Shrubland_Extr
288,oreaa.us,497,2017,Shrubland,4,465.159096,274.4438666,384,41,437.140802,0.4121,-0.447799061,-0.120441042,-0.064066205,0.064066205,-44.77990612,2,Extr,1,-0.578370293,Shrubland_Extr
289,oreaa.us,497,2017,Shrubland,6,465.159096,274.4438666,384,41,437.140802,0.4121,-0.447799061,-0.120441042,-0.064066205,0.064066205,-44.77990612,2,Extr,1,-0.219360678,Shrubland_Extr
290,oreaa.us,497,2017,Shrubland,8,465.159096,274.4438666,384,41,437.140802,0.4121,-0.447799061,-0.120441042,-0.064066205,0.064066205,-44.77990612,2,Extr,1,-0.735999237,Shrubland_Extr
291,oreaa.us,497,2017,Shrubland,9,465.159096,274.4438666,384,41,437.140802,0.4121,-0.447799061,-0.120441042,-0.064066205,0.064066205,-44.77990612,2,Extr,1,-0.280828451,Shrubland_Extr
292,oreac.us,497,2017,Shrubland,2,465.159096,274.4438666,382,41,437.140802,0.4113,-0.447799061,-0.120441042,-0.064066205,0.064066205,-44.77990612,2,Extr,1,-0.344015556,Shrubland_Extr
293,oreac.us,497,2017,Shrubland,5,465.159096,274.4438666,382,41,437.140802,0.4113,-0.447799061,-0.120441042,-0.064066205,0.064066205,-44.77990612,2,Extr,1,-0.995049099,Shrubland_Extr
294,oreac.us,497,2017,Shrubland,6,465.159096,274.4438666,382,41,437.140802,0.4113,-0.447799061,-0.120441042,-0.064066205,0.064066205,-44.77990612,2,Extr,1,0.085280187,Shrubland_Extr
295,oreac.us,497,2017,Shrubland,7,465.159096,274.4438666,382,41,437.140802,0.4113,-0.447799061,-0.120441042,-0.064066205,0.064066205,-44.77990612,2,Extr,1,-0.490960403,Shrubland_Extr
296,oreac.us,497,2017,Shrubland,10,465.159096,274.4438666,382,41,437.140802,0.4113,-0.447799061,-0.120441042,-0.064066205,0.064066205,-44.77990612,2,Extr,1,0.151817239,Shrubland_Extr
297,paike.ar,202,2017,Grassland,4,205.916129,94.72141935,469,54,143.3540645,0.2923,-0.531082082,-0.290326413,0.019386777,0.019386777,-53.10820824,1,NotExtreme,0,-0.537639128,Grassland_NotExtreme
298,paike.ar,202,2017,Grassland,5,205.916129,94.72141935,469,54,143.3540645,0.2923,-0.531082082,-0.290326413,0.019386777,0.019386777,-53.10820824,1,NotExtreme,0,-0.104947207,Grassland_NotExtreme
299,paike.ar,202,2017,Grassland,6,205.916129,94.72141935,469,54,143.3540645,0.2923,-0.531082082,-0.290326413,0.019386777,0.019386777,-53.10820824,1,NotExtreme,0,-0.292239777,Grassland_NotExtreme
300,passogavia.it,1281,2019,Grassland,6,827.952686,665.197686,438,19.65752425,678.6812,3.764,-0.480719995,-0.470194223,-0.353666912,0.353666912,-48.07199953,1,Extr,1,0.075677971,Grassland_Extr
301,passogavia.it,1281,2019,Grassland,7,827.952686,665.197686,438,19.65752425,678.6812,3.764,-0.480719995,-0.470194223,-0.353666912,0.353666912,-48.07199953,1,Extr,1,0.052823182,Grassland_Extr
302,passogavia.it,1281,2019,Grassland,8,827.952686,665.197686,438,19.65752425,678.6812,3.764,-0.480719995,-0.470194223,-0.353666912,0.353666912,-48.07199953,1,Extr,1,-0.02352157,Grassland_Extr
303,passogavia.it,1281,2019,Grassland,9,827.952686,665.197686,438,19.65752425,678.6812,3.764,-0.480719995,-0.470194223,-0.353666912,0.353666912,-48.07199953,1,Extr,1,0.136370752,Grassland_Extr
304,passogavia.it,1281,2019,Grassland,10,827.952686,665.197686,438,19.65752425,678.6812,3.764,-0.480719995,-0.470194223,-0.353666912,0.353666912,-48.07199953,1,Extr,1,0.058143916,Grassland_Extr
305,pineta.es,1356.602,2016,Grassland,1,763.5,624.96678,214,18.14449509,964.4,1.3053,-0.539314567,-0.289106164,-0.437196761,0.437196761,-53.93145668,1,Extr,1,-0.255085838,Grassland_Extr
306,pineta.es,1356.602,2016,Grassland,2,763.5,624.96678,214,18.14449509,964.4,1.3053,-0.539314567,-0.289106164,-0.437196761,0.437196761,-53.93145668,1,Extr,1,-0.192414055,Grassland_Extr
307,pineta.es,1356.602,2016,Grassland,7,763.5,624.96678,214,18.14449509,964.4,1.3053,-0.539314567,-0.289106164,-0.437196761,0.437196761,-53.93145668,1,Extr,1,-0.754605049,Grassland_Extr
308,pineta.es,1356.602,2016,Grassland,8,763.5,624.96678,214,18.14449509,964.4,1.3053,-0.539314567,-0.289106164,-0.437196761,0.437196761,-53.93145668,1,Extr,1,-0.827396462,Grassland_Extr
309,pineta.es,1356.602,2016,Grassland,11,763.5,624.96678,214,18.14449509,964.4,1.3053,-0.539314567,-0.289106164,-0.437196761,0.437196761,-53.93145668,1,Extr,1,-0.381783128,Grassland_Extr
310,pineta.es,1356.602,2016,Grassland,12,763.5,624.96678,214,18.14449509,964.4,1.3053,-0.539314567,-0.289106164,-0.437196761,0.437196761,-53.93145668,1,Extr,1,-0.366539356,Grassland_Extr
311,plattev.us,961.6,2017,Grassland,4,1042.1,521.05,518,50,834.75,0.8971,-0.458142679,-0.131915557,0.083714642,0.083714642,-45.81426789,1,NotExtreme,0,0.304542999,Grassland_NotExtreme
312,plattev.us,961.6,2017,Grassland,5,1042.1,521.05,518,50,834.75,0.8971,-0.458142679,-0.131915557,0.083714642,0.083714642,-45.81426789,1,NotExtreme,0,0.421055387,Grassland_NotExtreme
313,plattev.us,961.6,2017,Grassland,6,1042.1,521.05,518,50,834.75,0.8971,-0.458142679,-0.131915557,0.083714642,0.083714642,-45.81426789,1,NotExtreme,0,-3.523051327,Grassland_NotExtreme
314,pneburn.br,1568.26,2019,Grassland,4,1284.693571,963.1274714,301,25.03056816,1489.460024,1,-0.385862375,-0.050246755,-0.180815955,0.180815955,-38.58623752,1,Extr,1,-0.284631958,Grassland_Extr
315,pneburn.br,1568.26,2019,Grassland,11,1284.693571,963.1274714,301,25.03056816,1489.460024,1,-0.385862375,-0.050246755,-0.180815955,0.180815955,-38.58623752,1,Extr,1,0.020999724,Grassland_Extr
316,pneburn.br,1568.26,2019,Grassland,20,1284.693571,963.1274714,301,25.03056816,1489.460024,1,-0.385862375,-0.050246755,-0.180815955,0.180815955,-38.58623752,1,Extr,1,-0.069032785,Grassland_Extr
317,pneburn.br,1568.26,2019,Grassland,28,1284.693571,963.1274714,301,25.03056816,1489.460024,1,-0.385862375,-0.050246755,-0.180815955,0.180815955,-38.58623752,1,Extr,1,0.406954825,Grassland_Extr
318,pneburn.br,1568.26,2019,Grassland,34,1284.693571,963.1274714,301,25.03056816,1489.460024,1,-0.385862375,-0.050246755,-0.180815955,0.180815955,-38.58623752,1,Extr,1,0.02379943,Grassland_Extr
319,pneburn.br,1568.26,2019,Grassland,48,1284.693571,963.1274714,301,25.03056816,1489.460024,1,-0.385862375,-0.050246755,-0.180815955,0.180815955,-38.58623752,1,Extr,1,-0.400354578,Grassland_Extr
320,pneunburn.br,1568.26,2019,Grassland,9,1284.693571,963.1274714,301,25.03056816,1489.460024,1,-0.385862375,-0.050246755,-0.180815955,0.180815955,-38.58623752,1,Extr,1,-1.937746094,Grassland_Extr
321,pneunburn.br,1568.26,2019,Grassland,14,1284.693571,963.1274714,301,25.03056816,1489.460024,1,-0.385862375,-0.050246755,-0.180815955,0.180815955,-38.58623752,1,Extr,1,-1.234935801,Grassland_Extr
322,pneunburn.br,1568.26,2019,Grassland,25,1284.693571,963.1274714,301,25.03056816,1489.460024,1,-0.385862375,-0.050246755,-0.180815955,0.180815955,-38.58623752,1,Extr,1,-1.503148991,Grassland_Extr
323,pneunburn.br,1568.26,2019,Grassland,32,1284.693571,963.1274714,301,25.03056816,1489.460024,1,-0.385862375,-0.050246755,-0.180815955,0.180815955,-38.58623752,1,Extr,1,-1.107427712,Grassland_Extr
324,pneunburn.br,1568.26,2019,Grassland,42,1284.693571,963.1274714,301,25.03056816,1489.460024,1,-0.385862375,-0.050246755,-0.180815955,0.180815955,-38.58623752,1,Extr,1,-1.005234903,Grassland_Extr
325,pneunburn.br,1568.26,2019,Grassland,44,1284.693571,963.1274714,301,25.03056816,1489.460024,1,-0.385862375,-0.050246755,-0.180815955,0.180815955,-38.58623752,1,Extr,1,-0.844440409,Grassland_Extr
326,pozos.ar,244,2018,Grassland,4,281,140.5,386,50,285.0419381,0.2879,-0.424180328,0.168204664,0.151639344,0.151639344,-42.41803279,1,NotExtreme,0,0.939178256,Grassland_NotExtreme
327,pozos.ar,244,2018,Grassland,5,281,140.5,386,50,285.0419381,0.2879,-0.424180328,0.168204664,0.151639344,0.151639344,-42.41803279,1,NotExtreme,0,0.721551755,Grassland_NotExtreme
328,pozos.ar,244,2018,Grassland,6,281,140.5,386,50,285.0419381,0.2879,-0.424180328,0.168204664,0.151639344,0.151639344,-42.41803279,1,NotExtreme,0,0.306374206,Grassland_NotExtreme
329,purdue.us,950,2016,Grassland,2,1067.56,895.552,119,16.11225599,973.132258,0.9109,-0.057313684,0.024349745,0.123747368,0.123747368,-5.731368421,1,NotExtreme,0,-0.30615277,Grassland_NotExtreme
330,purdue.us,950,2016,Grassland,3,1067.56,895.552,119,16.11225599,973.132258,0.9109,-0.057313684,0.024349745,0.123747368,0.123747368,-5.731368421,1,NotExtreme,0,-0.716901887,Grassland_NotExtreme
331,purdue.us,950,2016,Grassland,5,1067.56,895.552,119,16.11225599,973.132258,0.9109,-0.057313684,0.024349745,0.123747368,0.123747368,-5.731368421,1,NotExtreme,0,-0.580474371,Grassland_NotExtreme
332,purdue.us,950,2016,Grassland,8,1067.56,895.552,119,16.11225599,973.132258,0.9109,-0.057313684,0.024349745,0.123747368,0.123747368,-5.731368421,1,NotExtreme,0,-0.157380449,Grassland_NotExtreme
333,purdue.us,950,2016,Grassland,9,1067.56,895.552,119,16.11225599,973.132258,0.9109,-0.057313684,0.024349745,0.123747368,0.123747368,-5.731368421,1,NotExtreme,0,-0.407143286,Grassland_NotExtreme
334,purdue.us,950,2016,Grassland,10,1067.56,895.552,119,16.11225599,973.132258,0.9109,-0.057313684,0.024349745,0.123747368,0.123747368,-5.731368421,1,NotExtreme,0,-0.24121287,Grassland_NotExtreme
335,purdue.us,950,2016,Grassland,13,1067.56,895.552,119,16.11225599,973.132258,0.9109,-0.057313684,0.024349745,0.123747368,0.123747368,-5.731368421,1,NotExtreme,0,-0.571640155,Grassland_NotExtreme
336,purdue.us,950,2016,Grassland,16,1067.56,895.552,119,16.11225599,973.132258,0.9109,-0.057313684,0.024349745,0.123747368,0.123747368,-5.731368421,1,NotExtreme,0,-0.062216671,Grassland_NotExtreme
337,quilpie.au,354,2017,Grassland,2,134.6,47.11,386,65,469.4225065,0.2131,-0.866920904,0.326052278,-0.619774011,0.619774011,-86.6920904,1,Extr,1,-0.276403972,Grassland_Extr
338,quilpie.au,354,2017,Grassland,4,134.6,47.11,386,65,469.4225065,0.2131,-0.866920904,0.326052278,-0.619774011,0.619774011,-86.6920904,1,Extr,1,-0.458725529,Grassland_Extr
339,quilpie.au,354,2017,Grassland,6,134.6,47.11,386,65,469.4225065,0.2131,-0.866920904,0.326052278,-0.619774011,0.619774011,-86.6920904,1,Extr,1,-0.969551153,Grassland_Extr
340,rhijn.nl,796.92,2017,Grassland,2,656.4,319.0104,462,51.4,795.9926,1.1585,-0.599695829,-0.00116373,-0.176328866,0.176328866,-59.96958289,1,Extr,1,-0.16895124,Grassland_Extr
341,rhijn.nl,796.92,2017,Grassland,7,656.4,319.0104,462,51.4,795.9926,1.1585,-0.599695829,-0.00116373,-0.176328866,0.176328866,-59.96958289,1,Extr,1,-0.395557768,Grassland_Extr
342,rhijn.nl,796.92,2017,Grassland,10,656.4,319.0104,462,51.4,795.9926,1.1585,-0.599695829,-0.00116373,-0.176328866,0.176328866,-59.96958289,1,Extr,1,-0.238884779,Grassland_Extr
343,riomayo.ar,155,2017,Shrubland,2,118.8491379,40.01266379,358,66.33323178,142.6758621,0.2164,-0.741853782,-0.079510567,-0.233231368,0.233231368,-74.1853782,2,Extr,1,-0.482495117,Shrubland_Extr
344,riomayo.ar,155,2017,Shrubland,6,118.8491379,40.01266379,358,66.33323178,142.6758621,0.2164,-0.741853782,-0.079510567,-0.233231368,0.233231368,-74.1853782,2,Extr,1,-0.244930905,Shrubland_Extr
345,riomayo.ar,155,2017,Shrubland,10,118.8491379,40.01266379,358,66.33323178,142.6758621,0.2164,-0.741853782,-0.079510567,-0.233231368,0.233231368,-74.1853782,2,Extr,1,-0.332342843,Shrubland_Extr
346,sclaudio.ar,950,2018,Grassland,1,1016.406452,827.4709677,176,18.58857582,951.8645161,0.7277,-0.128977929,0.001962649,0.069901528,0.069901528,-12.89779287,1,NotExtreme,0,0.318741791,Grassland_NotExtreme
347,sclaudio.ar,950,2018,Grassland,4,1016.406452,827.4709677,176,18.58857582,951.8645161,0.7277,-0.128977929,0.001962649,0.069901528,0.069901528,-12.89779287,1,NotExtreme,0,-0.897616129,Grassland_NotExtreme
348,sclaudio.ar,950,2018,Grassland,7,1016.406452,827.4709677,176,18.58857582,951.8645161,0.7277,-0.128977929,0.001962649,0.069901528,0.069901528,-12.89779287,1,NotExtreme,0,-1.225480799,Grassland_NotExtreme
349,sclaudio.ar,950,2018,Grassland,10,1016.406452,827.4709677,176,18.58857582,951.8645161,0.7277,-0.128977929,0.001962649,0.069901528,0.069901528,-12.89779287,1,NotExtreme,0,-0.07399717,Grassland_NotExtreme
350,scruzh.us,745,2016,Grassland,2,1148.7,517.194,156,54.97571167,845.75,0.8079,-0.305779866,0.135234899,0.541879195,0.541879195,-30.57798658,1,NotExtreme,0,-0.002830277,Grassland_NotExtreme
351,scruzh.us,745,2016,Grassland,4,1148.7,517.194,156,54.97571167,845.75,0.8079,-0.305779866,0.135234899,0.541879195,0.541879195,-30.57798658,1,NotExtreme,0,0.241347636,Grassland_NotExtreme
352,scruzh.us,745,2016,Grassland,6,1148.7,517.194,156,54.97571167,845.75,0.8079,-0.305779866,0.135234899,0.541879195,0.541879195,-30.57798658,1,NotExtreme,0,0.742421298,Grassland_NotExtreme
353,scruzh.us,745,2016,Grassland,8,1148.7,517.194,156,54.97571167,845.75,0.8079,-0.305779866,0.135234899,0.541879195,0.541879195,-30.57798658,1,NotExtreme,0,0.01214278,Grassland_NotExtreme
354,scruzh.us,745,2016,Grassland,10,1148.7,517.194,156,54.97571167,845.75,0.8079,-0.305779866,0.135234899,0.541879195,0.541879195,-30.57798658,1,NotExtreme,0,-0.022683191,Grassland_NotExtreme
355,scruzl.us,745,2016,Grassland,2,825.9,402.24,154,51.29676716,574.7,0.641,-0.460080537,-0.228590604,0.108590604,0.108590604,-46.00805369,1,NotExtreme,0,0.329658346,Grassland_NotExtreme
356,scruzl.us,745,2016,Grassland,4,825.9,402.24,154,51.29676716,574.7,0.641,-0.460080537,-0.228590604,0.108590604,0.108590604,-46.00805369,1,NotExtreme,0,-0.242125896,Grassland_NotExtreme
357,scruzl.us,745,2016,Grassland,6,825.9,402.24,154,51.29676716,574.7,0.641,-0.460080537,-0.228590604,0.108590604,0.108590604,-46.00805369,1,NotExtreme,0,0.124834126,Grassland_NotExtreme
358,scruzl.us,745,2016,Grassland,8,825.9,402.24,154,51.29676716,574.7,0.641,-0.460080537,-0.228590604,0.108590604,0.108590604,-46.00805369,1,NotExtreme,0,-0.094338067,Grassland_NotExtreme
359,scruzl.us,745,2016,Grassland,10,825.9,402.24,154,51.29676716,574.7,0.641,-0.460080537,-0.228590604,0.108590604,0.108590604,-46.00805369,1,NotExtreme,0,0.001761259,Grassland_NotExtreme
360,scruzm.us,745,2016,Grassland,2,999.96,457.98,163,54.20016801,757.7,0.641,-0.385261745,0.01704698,0.342228188,0.342228188,-38.5261745,1,NotExtreme,0,-0.179230955,Grassland_NotExtreme
361,scruzm.us,745,2016,Grassland,4,999.96,457.98,163,54.20016801,757.7,0.641,-0.385261745,0.01704698,0.342228188,0.342228188,-38.5261745,1,NotExtreme,0,-0.080957913,Grassland_NotExtreme
362,scruzm.us,745,2016,Grassland,6,999.96,457.98,163,54.20016801,757.7,0.641,-0.385261745,0.01704698,0.342228188,0.342228188,-38.5261745,1,NotExtreme,0,-1.122902104,Grassland_NotExtreme
363,scruzm.us,745,2016,Grassland,8,999.96,457.98,163,54.20016801,757.7,0.641,-0.385261745,0.01704698,0.342228188,0.342228188,-38.5261745,1,NotExtreme,0,-0.138279173,Grassland_NotExtreme
364,scruzm.us,745,2016,Grassland,10,999.96,457.98,163,54.20016801,757.7,0.641,-0.385261745,0.01704698,0.342228188,0.342228188,-38.5261745,1,NotExtreme,0,0.007645334,Grassland_NotExtreme
365,sedgwick.us,380,2016,Grassland,1,304,133.6,116,56.05263158,216.3,0.3967,-0.648421053,-0.430789474,-0.2,0.2,-64.84210526,1,Extr,1,-0.925884125,Grassland_Extr
366,sedgwick.us,380,2016,Grassland,3,304,133.6,116,56.05263158,216.3,0.3967,-0.648421053,-0.430789474,-0.2,0.2,-64.84210526,1,Extr,1,-0.596751294,Grassland_Extr
367,sedgwick.us,380,2016,Grassland,5,304,133.6,116,56.05263158,216.3,0.3967,-0.648421053,-0.430789474,-0.2,0.2,-64.84210526,1,Extr,1,0.262942378,Grassland_Extr
368,sedgwick.us,380,2016,Grassland,6,304,133.6,116,56.05263158,216.3,0.3967,-0.648421053,-0.430789474,-0.2,0.2,-64.84210526,1,Extr,1,-0.36692516,Grassland_Extr
369,sedgwick.us,380,2016,Grassland,9,304,133.6,116,56.05263158,216.3,0.3967,-0.648421053,-0.430789474,-0.2,0.2,-64.84210526,1,Extr,1,-0.831757796,Grassland_Extr
370,sevblack.us,249,2019,Grassland,102,245.0000045,84.9148954,360,65.34085966,187.6595866,0.177,-0.658976324,-0.246347042,-0.016064239,0.016064239,-65.89763237,1,Extr,1,-1.540018676,Grassland_Extr
371,sevblack.us,249,2019,Grassland,104,245.0000045,84.9148954,360,65.34085966,187.6595866,0.177,-0.658976324,-0.246347042,-0.016064239,0.016064239,-65.89763237,1,Extr,1,-1.327279715,Grassland_Extr
372,sevblack.us,249,2019,Grassland,106,245.0000045,84.9148954,360,65.34085966,187.6595866,0.177,-0.658976324,-0.246347042,-0.016064239,0.016064239,-65.89763237,1,Extr,1,0.939230673,Grassland_Extr
373,sevblack.us,249,2019,Grassland,108,245.0000045,84.9148954,360,65.34085966,187.6595866,0.177,-0.658976324,-0.246347042,-0.016064239,0.016064239,-65.89763237,1,Extr,1,-0.574001064,Grassland_Extr
374,sevblack.us,249,2019,Grassland,110,245.0000045,84.9148954,360,65.34085966,187.6595866,0.177,-0.658976324,-0.246347042,-0.016064239,0.016064239,-65.89763237,1,Extr,1,-1.866146796,Grassland_Extr
375,sevblack.us,249,2019,Grassland,112,245.0000045,84.9148954,360,65.34085966,187.6595866,0.177,-0.658976324,-0.246347042,-0.016064239,0.016064239,-65.89763237,1,Extr,1,-1.585048724,Grassland_Extr
376,sevblack.us,249,2019,Grassland,114,245.0000045,84.9148954,360,65.34085966,187.6595866,0.177,-0.658976324,-0.246347042,-0.016064239,0.016064239,-65.89763237,1,Extr,1,-1.611613472,Grassland_Extr
377,sevblue.us,255,2019,Grassland,102,229.6,78.064,365,66,186.1,0.1933,-0.693866667,-0.270196078,-0.099607843,0.099607843,-69.38666667,1,Extr,1,-0.241234479,Grassland_Extr
378,sevblue.us,255,2019,Grassland,104,229.6,78.064,365,66,186.1,0.1933,-0.693866667,-0.270196078,-0.099607843,0.099607843,-69.38666667,1,Extr,1,-0.572138278,Grassland_Extr
379,sevblue.us,255,2019,Grassland,106,229.6,78.064,365,66,186.1,0.1933,-0.693866667,-0.270196078,-0.099607843,0.099607843,-69.38666667,1,Extr,1,0.121490482,Grassland_Extr
380,sevblue.us,255,2019,Grassland,108,229.6,78.064,365,66,186.1,0.1933,-0.693866667,-0.270196078,-0.099607843,0.099607843,-69.38666667,1,Extr,1,-0.219627138,Grassland_Extr
381,sevblue.us,255,2019,Grassland,110,229.6,78.064,365,66,186.1,0.1933,-0.693866667,-0.270196078,-0.099607843,0.099607843,-69.38666667,1,Extr,1,-0.60486625,Grassland_Extr
382,sevblue.us,255,2019,Grassland,112,229.6,78.064,365,66,186.1,0.1933,-0.693866667,-0.270196078,-0.099607843,0.099607843,-69.38666667,1,Extr,1,0.004672263,Grassland_Extr
383,sevblue.us,255,2019,Grassland,114,229.6,78.064,365,66,186.1,0.1933,-0.693866667,-0.270196078,-0.099607843,0.099607843,-69.38666667,1,Extr,1,-0.199471835,Grassland_Extr
384,sevmixed.us,234,2019,Grassland,102,227.0836096,77.20842727,365,66,201.7435966,0.171,-0.670049456,-0.137847878,-0.029557224,0.029557224,-67.00494561,1,Extr,1,-0.013239609,Grassland_Extr
385,sevmixed.us,234,2019,Grassland,104,227.0836096,77.20842727,365,66,201.7435966,0.171,-0.670049456,-0.137847878,-0.029557224,0.029557224,-67.00494561,1,Extr,1,-1.188123315,Grassland_Extr
386,sevmixed.us,234,2019,Grassland,106,227.0836096,77.20842727,365,66,201.7435966,0.171,-0.670049456,-0.137847878,-0.029557224,0.029557224,-67.00494561,1,Extr,1,-0.462982596,Grassland_Extr
387,sevmixed.us,234,2019,Grassland,108,227.0836096,77.20842727,365,66,201.7435966,0.171,-0.670049456,-0.137847878,-0.029557224,0.029557224,-67.00494561,1,Extr,1,-0.974593738,Grassland_Extr
388,sevmixed.us,234,2019,Grassland,110,227.0836096,77.20842727,365,66,201.7435966,0.171,-0.670049456,-0.137847878,-0.029557224,0.029557224,-67.00494561,1,Extr,1,-0.290816344,Grassland_Extr
389,sevmixed.us,234,2019,Grassland,112,227.0836096,77.20842727,365,66,201.7435966,0.171,-0.670049456,-0.137847878,-0.029557224,0.029557224,-67.00494561,1,Extr,1,-1.427225998,Grassland_Extr
390,sevmixed.us,234,2019,Grassland,114,227.0836096,77.20842727,365,66,201.7435966,0.171,-0.670049456,-0.137847878,-0.029557224,0.029557224,-67.00494561,1,Extr,1,-1.077196273,Grassland_Extr
391,sgsdrt.us,341,2019,Grassland,1,319.3,108.562,439,66,262.82904,0.3209,-0.681636364,-0.229240352,-0.063636364,0.063636364,-68.16363636,1,Extr,1,-1.72077831,Grassland_Extr
392,sgsdrt.us,341,2019,Grassland,2,319.3,108.562,439,66,262.82904,0.3209,-0.681636364,-0.229240352,-0.063636364,0.063636364,-68.16363636,1,Extr,1,-2.708976793,Grassland_Extr
393,sgsdrt.us,341,2019,Grassland,3,319.3,108.562,439,66,262.82904,0.3209,-0.681636364,-0.229240352,-0.063636364,0.063636364,-68.16363636,1,Extr,1,-3.085285317,Grassland_Extr
394,sgsdrt.us,341,2019,Grassland,4,319.3,108.562,439,66,262.82904,0.3209,-0.681636364,-0.229240352,-0.063636364,0.063636364,-68.16363636,1,Extr,1,-1.377407332,Grassland_Extr
395,sgsdrt.us,341,2019,Grassland,5,319.3,108.562,439,66,262.82904,0.3209,-0.681636364,-0.229240352,-0.063636364,0.063636364,-68.16363636,1,Extr,1,-2.021764348,Grassland_Extr
396,sgsdrt.us,341,2019,Grassland,6,319.3,108.562,439,66,262.82904,0.3209,-0.681636364,-0.229240352,-0.063636364,0.063636364,-68.16363636,1,Extr,1,-1.410770236,Grassland_Extr
397,sgsdrt.us,341,2019,Grassland,7,319.3,108.562,439,66,262.82904,0.3209,-0.681636364,-0.229240352,-0.063636364,0.063636364,-68.16363636,1,Extr,1,-2.362411956,Grassland_Extr
398,sgsdrt.us,341,2019,Grassland,8,319.3,108.562,439,66,262.82904,0.3209,-0.681636364,-0.229240352,-0.063636364,0.063636364,-68.16363636,1,Extr,1,-2.345814065,Grassland_Extr
399,sgsdrt.us,341,2019,Grassland,9,319.3,108.562,439,66,262.82904,0.3209,-0.681636364,-0.229240352,-0.063636364,0.063636364,-68.16363636,1,Extr,1,-0.969861058,Grassland_Extr
400,sgsdrt.us,341,2019,Grassland,10,319.3,108.562,439,66,262.82904,0.3209,-0.681636364,-0.229240352,-0.063636364,0.063636364,-68.16363636,1,Extr,1,-3.129345307,Grassland_Extr
401,sgsdrt.us,341,2019,Grassland,31,319.3,108.562,439,66,262.82904,0.3209,-0.681636364,-0.229240352,-0.063636364,0.063636364,-68.16363636,1,Extr,1,-1.763529477,Grassland_Extr
402,sgsdrt.us,341,2019,Grassland,32,319.3,108.562,439,66,262.82904,0.3209,-0.681636364,-0.229240352,-0.063636364,0.063636364,-68.16363636,1,Extr,1,-0.840365866,Grassland_Extr
403,sgsdrt.us,341,2019,Grassland,33,319.3,108.562,439,66,262.82904,0.3209,-0.681636364,-0.229240352,-0.063636364,0.063636364,-68.16363636,1,Extr,1,-0.478135605,Grassland_Extr
404,sgsdrt.us,341,2019,Grassland,34,319.3,108.562,439,66,262.82904,0.3209,-0.681636364,-0.229240352,-0.063636364,0.063636364,-68.16363636,1,Extr,1,-2.233073442,Grassland_Extr
405,sgsdrt.us,341,2019,Grassland,35,319.3,108.562,439,66,262.82904,0.3209,-0.681636364,-0.229240352,-0.063636364,0.063636364,-68.16363636,1,Extr,1,-2.333543972,Grassland_Extr
406,sgsdrt.us,341,2019,Grassland,36,319.3,108.562,439,66,262.82904,0.3209,-0.681636364,-0.229240352,-0.063636364,0.063636364,-68.16363636,1,Extr,1,-3.120376637,Grassland_Extr
407,sgsdrt.us,341,2019,Grassland,37,319.3,108.562,439,66,262.82904,0.3209,-0.681636364,-0.229240352,-0.063636364,0.063636364,-68.16363636,1,Extr,1,-1.870167948,Grassland_Extr
408,sgsdrt.us,341,2019,Grassland,38,319.3,108.562,439,66,262.82904,0.3209,-0.681636364,-0.229240352,-0.063636364,0.063636364,-68.16363636,1,Extr,1,-3.778432498,Grassland_Extr
409,sgsdrt.us,341,2019,Grassland,39,319.3,108.562,439,66,262.82904,0.3209,-0.681636364,-0.229240352,-0.063636364,0.063636364,-68.16363636,1,Extr,1,-3.711741123,Grassland_Extr
410,sgsdrt.us,341,2019,Grassland,40,319.3,108.562,439,66,262.82904,0.3209,-0.681636364,-0.229240352,-0.063636364,0.063636364,-68.16363636,1,Extr,1,-1.209512255,Grassland_Extr
411,skotsvar.no,1766,2018,Shrubland,1,998.2000146,399.2800058,466,60,2120.72,4.9031,-0.773907131,0.200860702,-0.434767829,0.434767829,-77.39071315,2,Extr,1,0.149641046,Shrubland_Extr
412,skotsvar.no,1766,2018,Shrubland,3,998.2000146,399.2800058,466,60,2120.72,4.9031,-0.773907131,0.200860702,-0.434767829,0.434767829,-77.39071315,2,Extr,1,0.282204426,Shrubland_Extr
413,skotsvar.no,1766,2018,Shrubland,5,998.2000146,399.2800058,466,60,2120.72,4.9031,-0.773907131,0.200860702,-0.434767829,0.434767829,-77.39071315,2,Extr,1,0.089323665,Shrubland_Extr
414,skotsvar.no,1766,2018,Shrubland,6,998.2000146,399.2800058,466,60,2120.72,4.9031,-0.773907131,0.200860702,-0.434767829,0.434767829,-77.39071315,2,Extr,1,-0.172398603,Shrubland_Extr
415,skotsvar.no,1766,2018,Shrubland,7,998.2000146,399.2800058,466,60,2120.72,4.9031,-0.773907131,0.200860702,-0.434767829,0.434767829,-77.39071315,2,Extr,1,-0.082705242,Shrubland_Extr
416,skotsvar.no,1766,2018,Shrubland,9,998.2000146,399.2800058,466,60,2120.72,4.9031,-0.773907131,0.200860702,-0.434767829,0.434767829,-77.39071315,2,Extr,1,-0.433690737,Shrubland_Extr
417,slp.us,930.7024634,2017,Grassland,2454,888.492,472.694,334,46.79817038,1331.9,0.6281,-0.492110509,0.431069598,-0.045353338,0.045353338,-49.21105094,1,Extr,1,-0.213232667,Grassland_Extr
418,slp.us,930.7024634,2017,Grassland,2455,888.492,472.694,334,46.79817038,1331.9,0.6281,-0.492110509,0.431069598,-0.045353338,0.045353338,-49.21105094,1,Extr,1,-0.356105954,Grassland_Extr
419,slp.us,930.7024634,2017,Grassland,2457,888.492,472.694,334,46.79817038,1331.9,0.6281,-0.492110509,0.431069598,-0.045353338,0.045353338,-49.21105094,1,Extr,1,-0.299706265,Grassland_Extr
420,sonora.us,567.9,2018,Grassland,5,565.15,212.35162,246,62.42561798,495.046,0.3674,-0.626075682,-0.12828667,-0.004842402,0.004842402,-62.60756823,1,Extr,1,1.181984679,Grassland_Extr
421,sonora.us,567.9,2018,Grassland,11,565.15,212.35162,246,62.42561798,495.046,0.3674,-0.626075682,-0.12828667,-0.004842402,0.004842402,-62.60756823,1,Extr,1,-0.250679709,Grassland_Extr
422,sonora.us,567.9,2018,Grassland,13,565.15,212.35162,246,62.42561798,495.046,0.3674,-0.626075682,-0.12828667,-0.004842402,0.004842402,-62.60756823,1,Extr,1,-0.918762921,Grassland_Extr
423,sonora.us,567.9,2018,Grassland,18,565.15,212.35162,246,62.42561798,495.046,0.3674,-0.626075682,-0.12828667,-0.004842402,0.004842402,-62.60756823,1,Extr,1,-0.758126951,Grassland_Extr
424,sonora.us,567.9,2018,Grassland,24,565.15,212.35162,246,62.42561798,495.046,0.3674,-0.626075682,-0.12828667,-0.004842402,0.004842402,-62.60756823,1,Extr,1,-0.663276788,Grassland_Extr
425,sonora.us,567.9,2018,Grassland,26,565.15,212.35162,246,62.42561798,495.046,0.3674,-0.626075682,-0.12828667,-0.004842402,0.004842402,-62.60756823,1,Extr,1,-1.034073768,Grassland_Extr
426,sonora.us,567.9,2018,Grassland,32,565.15,212.35162,246,62.42561798,495.046,0.3674,-0.626075682,-0.12828667,-0.004842402,0.004842402,-62.60756823,1,Extr,1,-0.33649199,Grassland_Extr
427,sonora.us,567.9,2018,Grassland,57,565.15,212.35162,246,62.42561798,495.046,0.3674,-0.626075682,-0.12828667,-0.004842402,0.004842402,-62.60756823,1,Extr,1,-1.132054176,Grassland_Extr
428,spvdrt.ar,220.6,2016,Grassland,1,247.087692,185.8846275,135,24.76977466,150.5903286,0.2058,-0.157367962,-0.317360251,0.120071133,0.120071133,-15.73679624,1,NotExtreme,0,-0.454093683,Grassland_NotExtreme
429,spvdrt.ar,220.6,2016,Grassland,3,247.087692,185.8846275,135,24.76977466,150.5903286,0.2058,-0.157367962,-0.317360251,0.120071133,0.120071133,-15.73679624,1,NotExtreme,0,0.283023117,Grassland_NotExtreme
430,spvdrt.ar,220.6,2016,Grassland,5,247.087692,185.8846275,135,24.76977466,150.5903286,0.2058,-0.157367962,-0.317360251,0.120071133,0.120071133,-15.73679624,1,NotExtreme,0,0.837177581,Grassland_NotExtreme
431,syferkuil.za,478,2015,Grassland,5,421.51,244.1746,217,42.07145738,584.226815,0.6168,-0.489174477,0.222231831,-0.118179916,0.118179916,-48.9174477,1,Extr,1,-0.019349508,Grassland_Extr
432,syferkuil.za,478,2015,Grassland,6,421.51,244.1746,217,42.07145738,584.226815,0.6168,-0.489174477,0.222231831,-0.118179916,0.118179916,-48.9174477,1,Extr,1,-0.747963846,Grassland_Extr
433,syferkuil.za,478,2015,Grassland,7,421.51,244.1746,217,42.07145738,584.226815,0.6168,-0.489174477,0.222231831,-0.118179916,0.118179916,-48.9174477,1,Extr,1,0.282642465,Grassland_Extr
434,syferkuil.za,478,2015,Grassland,8,421.51,244.1746,217,42.07145738,584.226815,0.6168,-0.489174477,0.222231831,-0.118179916,0.118179916,-48.9174477,1,Extr,1,-0.256714981,Grassland_Extr
435,torla.es,1405.357,2016,Grassland,1,1759.933333,1561.305333,195,11.28610932,913.8,1.671,0.110967059,-0.349773759,0.252303388,0.252303388,11.09670589,1,NotExtreme,0,0.256744748,Grassland_NotExtreme
436,torla.es,1405.357,2016,Grassland,2,1759.933333,1561.305333,195,11.28610932,913.8,1.671,0.110967059,-0.349773759,0.252303388,0.252303388,11.09670589,1,NotExtreme,0,0.371905775,Grassland_NotExtreme
437,torla.es,1405.357,2016,Grassland,7,1759.933333,1561.305333,195,11.28610932,913.8,1.671,0.110967059,-0.349773759,0.252303388,0.252303388,11.09670589,1,NotExtreme,0,0.234209367,Grassland_NotExtreme
438,torla.es,1405.357,2016,Grassland,8,1759.933333,1561.305333,195,11.28610932,913.8,1.671,0.110967059,-0.349773759,0.252303388,0.252303388,11.09670589,1,NotExtreme,0,0.105463248,Grassland_NotExtreme
439,torla.es,1405.357,2016,Grassland,11,1759.933333,1561.305333,195,11.28610932,913.8,1.671,0.110967059,-0.349773759,0.252303388,0.252303388,11.09670589,1,NotExtreme,0,-0.058047652,Grassland_NotExtreme
440,torla.es,1405.357,2016,Grassland,12,1759.933333,1561.305333,195,11.28610932,913.8,1.671,0.110967059,-0.349773759,0.252303388,0.252303388,11.09670589,1,NotExtreme,0,0.20412332,Grassland_NotExtreme
441,ukulingadrt.za,732.6,2020,Grassland,3,644.598,362.599,210,43.74804141,693.6,0.6357,-0.50505187,-0.053235053,-0.12012285,0.12012285,-50.50518701,1,Extr,1,-0.231297789,Grassland_Extr
442,ukulingadrt.za,732.6,2020,Grassland,5,644.598,362.599,210,43.74804141,693.6,0.6357,-0.50505187,-0.053235053,-0.12012285,0.12012285,-50.50518701,1,Extr,1,-0.315434724,Grassland_Extr
443,ukulingadrt.za,732.6,2020,Grassland,8,644.598,362.599,210,43.74804141,693.6,0.6357,-0.50505187,-0.053235053,-0.12012285,0.12012285,-50.50518701,1,Extr,1,0.036180043,Grassland_Extr
444,urat.cn,152,2018,Grassland,19,196.851909,110.5018196,237,43.86550774,152.762803,0.1638,-0.273014345,0.005018441,0.295078349,0.295078349,-27.30143447,1,NotExtreme,0,-0.875239143,Grassland_NotExtreme
445,urat.cn,152,2018,Grassland,32,196.851909,110.5018196,237,43.86550774,152.762803,0.1638,-0.273014345,0.005018441,0.295078349,0.295078349,-27.30143447,1,NotExtreme,0,-1.071877575,Grassland_NotExtreme
446,urat.cn,152,2018,Grassland,48,196.851909,110.5018196,237,43.86550774,152.762803,0.1638,-0.273014345,0.005018441,0.295078349,0.295078349,-27.30143447,1,NotExtreme,0,-3.017787724,Grassland_NotExtreme
447,urat.cn,152,2018,Grassland,53,196.851909,110.5018196,237,43.86550774,152.762803,0.1638,-0.273014345,0.005018441,0.295078349,0.295078349,-27.30143447,1,NotExtreme,0,-2.104317868,Grassland_NotExtreme
448,urat.cn,152,2018,Grassland,215,196.851909,110.5018196,237,43.86550774,152.762803,0.1638,-0.273014345,0.005018441,0.295078349,0.295078349,-27.30143447,1,NotExtreme,0,-0.719436935,Grassland_NotExtreme
449,urat.cn,152,2018,Grassland,612,196.851909,110.5018196,237,43.86550774,152.762803,0.1638,-0.273014345,0.005018441,0.295078349,0.295078349,-27.30143447,1,NotExtreme,0,-1.842388292,Grassland_NotExtreme
450,validate.fr,790,2017,Grassland,3,707.4,226.368,474,68,612.3,0.99,-0.713458228,-0.224936709,-0.104556962,0.104556962,-71.34582278,1,Extr,1,-0.5411603,Grassland_Extr
451,validate.fr,790,2017,Grassland,5,707.4,226.368,474,68,612.3,0.99,-0.713458228,-0.224936709,-0.104556962,0.104556962,-71.34582278,1,Extr,1,-0.913562096,Grassland_Extr
452,validate.fr,790,2017,Grassland,7,707.4,226.368,474,68,612.3,0.99,-0.713458228,-0.224936709,-0.104556962,0.104556962,-71.34582278,1,Extr,1,-0.685228847,Grassland_Extr
453,validate.fr,790,2017,Grassland,12,707.4,226.368,474,68,612.3,0.99,-0.713458228,-0.224936709,-0.104556962,0.104556962,-71.34582278,1,Extr,1,-0.115287781,Grassland_Extr
454,validate.fr,790,2017,Grassland,15,707.4,226.368,474,68,612.3,0.99,-0.713458228,-0.224936709,-0.104556962,0.104556962,-71.34582278,1,Extr,1,-0.910211191,Grassland_Extr
455,wytham.uk,743.6,2017,Grassland,6,591.494,477.868,335,19.21000044,758.1,0.9601,-0.357358795,0.019499731,-0.204553523,0.204553523,-35.73587951,1,Extr,1,-0.997520302,Grassland_Extr
456,wytham.uk,743.6,2017,Grassland,7,591.494,477.868,335,19.21000044,758.1,0.9601,-0.357358795,0.019499731,-0.204553523,0.204553523,-35.73587951,1,Extr,1,-0.912884223,Grassland_Extr
457,wytham.uk,743.6,2017,Grassland,8,591.494,477.868,335,19.21000044,758.1,0.9601,-0.357358795,0.019499731,-0.204553523,0.204553523,-35.73587951,1,Extr,1,-0.442769125,Grassland_Extr
458,wytham.uk,743.6,2017,Grassland,9,591.494,477.868,335,19.21000044,758.1,0.9601,-0.357358795,0.019499731,-0.204553523,0.204553523,-35.73587951,1,Extr,1,-0.830192507,Grassland_Extr
459,wytham.uk,743.6,2017,Grassland,10,591.494,477.868,335,19.21000044,758.1,0.9601,-0.357358795,0.019499731,-0.204553523,0.204553523,-35.73587951,1,Extr,1,-0.632661532,Grassland_Extr
460,xilin.cn,338,2018,Grassland,19,295,169.7,242,42.47457627,367.4,0.4604,-0.497928994,0.086982249,-0.127218935,0.127218935,-49.79289941,1,Extr,1,-0.154770496,Grassland_Extr
461,xilin.cn,338,2018,Grassland,32,295,169.7,242,42.47457627,367.4,0.4604,-0.497928994,0.086982249,-0.127218935,0.127218935,-49.79289941,1,Extr,1,-0.830957391,Grassland_Extr
462,xilin.cn,338,2018,Grassland,48,295,169.7,242,42.47457627,367.4,0.4604,-0.497928994,0.086982249,-0.127218935,0.127218935,-49.79289941,1,Extr,1,0.070158543,Grassland_Extr
463,xilin.cn,338,2018,Grassland,53,295,169.7,242,42.47457627,367.4,0.4604,-0.497928994,0.086982249,-0.127218935,0.127218935,-49.79289941,1,Extr,1,-0.739396473,Grassland_Extr
464,xilin.cn,338,2018,Grassland,215,295,169.7,242,42.47457627,367.4,0.4604,-0.497928994,0.086982249,-0.127218935,0.127218935,-49.79289941,1,Extr,1,-1.128054462,Grassland_Extr
465,xilin.cn,338,2018,Grassland,612,295,169.7,242,42.47457627,367.4,0.4604,-0.497928994,0.086982249,-0.127218935,0.127218935,-49.79289941,1,Extr,1,0.374520304,Grassland_Extr
466,yanchi.cn,337,2018,Grassland,19,460.5135108,273.7453733,227,40.55649468,314.7028237,0.3168,-0.187699189,-0.066163728,0.366508934,0.366508934,-18.7699189,1,NotExtreme,0,-0.054586015,Grassland_NotExtreme
467,yanchi.cn,337,2018,Grassland,32,460.5135108,273.7453733,227,40.55649468,314.7028237,0.3168,-0.187699189,-0.066163728,0.366508934,0.366508934,-18.7699189,1,NotExtreme,0,-0.229304027,Grassland_NotExtreme
468,yanchi.cn,337,2018,Grassland,48,460.5135108,273.7453733,227,40.55649468,314.7028237,0.3168,-0.187699189,-0.066163728,0.366508934,0.366508934,-18.7699189,1,NotExtreme,0,-0.695639851,Grassland_NotExtreme
469,yanchi.cn,337,2018,Grassland,53,460.5135108,273.7453733,227,40.55649468,314.7028237,0.3168,-0.187699189,-0.066163728,0.366508934,0.366508934,-18.7699189,1,NotExtreme,0,0.228678473,Grassland_NotExtreme
470,yanchi.cn,337,2018,Grassland,215,460.5135108,273.7453733,227,40.55649468,314.7028237,0.3168,-0.187699189,-0.066163728,0.366508934,0.366508934,-18.7699189,1,NotExtreme,0,-0.329322053,Grassland_NotExtreme
471,yanchi.cn,337,2018,Grassland,612,460.5135108,273.7453733,227,40.55649468,314.7028237,0.3168,-0.187699189,-0.066163728,0.366508934,0.366508934,-18.7699189,1,NotExtreme,0,-0.366651426,Grassland_NotExtreme
472,yarradrt.au,800,2016,Grassland,12,1131,660.79,274,41.57471264,795.2,0.661,-0.1740125,-0.006,0.41375,0.41375,-17.40125,1,NotExtreme,0,-0.317013269,Grassland_NotExtreme
473,yarradrt.au,800,2016,Grassland,14,1131,660.79,274,41.57471264,795.2,0.661,-0.1740125,-0.006,0.41375,0.41375,-17.40125,1,NotExtreme,0,-0.134990072,Grassland_NotExtreme
474,yarradrt.au,800,2016,Grassland,27,1131,660.79,274,41.57471264,795.2,0.661,-0.1740125,-0.006,0.41375,0.41375,-17.40125,1,NotExtreme,0,-0.353896086,Grassland_NotExtreme
475,yarradrt.au,800,2016,Grassland,38,1131,660.79,274,41.57471264,795.2,0.661,-0.1740125,-0.006,0.41375,0.41375,-17.40125,1,NotExtreme,0,0.167021301,Grassland_NotExtreme
476,youyu.cn,390,2018,Grassland,1,552.6393715,334.9778654,235,39.38581239,526.748403,0.4621,-0.141082396,0.350636931,0.417024029,0.417024029,-14.10823964,1,NotExtreme,0,0.110785106,Grassland_NotExtreme
477,youyu.cn,390,2018,Grassland,21,552.6393715,334.9778654,235,39.38581239,526.748403,0.4621,-0.141082396,0.350636931,0.417024029,0.417024029,-14.10823964,1,NotExtreme,0,-0.07830085,Grassland_NotExtreme
478,youyu.cn,390,2018,Grassland,45,552.6393715,334.9778654,235,39.38581239,526.748403,0.4621,-0.141082396,0.350636931,0.417024029,0.417024029,-14.10823964,1,NotExtreme,0,0.140307546,Grassland_NotExtreme
479,youyu.cn,390,2018,Grassland,57,552.6393715,334.9778654,235,39.38581239,526.748403,0.4621,-0.141082396,0.350636931,0.417024029,0.417024029,-14.10823964,1,NotExtreme,0,0.318073286,Grassland_NotExtreme
480,youyu.cn,390,2018,Grassland,62,552.6393715,334.9778654,235,39.38581239,526.748403,0.4621,-0.141082396,0.350636931,0.417024029,0.417024029,-14.10823964,1,NotExtreme,0,-0.042741548,Grassland_NotExtreme
481,youyu.cn,390,2018,Grassland,76,552.6393715,334.9778654,235,39.38581239,526.748403,0.4621,-0.141082396,0.350636931,0.417024029,0.417024029,-14.10823964,1,NotExtreme,0,0.288727551,Grassland_NotExtreme
